karthick,ram1031153241
karthick,Dharshan_96
karthick,IamDhayananth
karthick,signordal
karthick,VVp1996
karthick,subbusmart11
karthick,KesavaHrushi
karthick,mintbookindia
karthick,AkhilDamerla
karthick,dineshkavin9
karthick,uthimanmathan
karthick,007nryn
robozear,NULL
9eleven85,SanFranNative42
@143crossmyheart,NULL
@90amit90ghosh90,LanellKniss
@90amit90ghosh90,sulav20
@90amit90ghosh90,AvikBuban
@90amit90ghosh90,Mahashin
@90amit90ghosh90,ethansumit
@90amit90ghosh90,subhodurgapur5
@90amit90ghosh90,Maverick_santu
@90amit90ghosh90,ananya_sg
@90amit90ghosh90,chiranjitgangu1
@90amit90ghosh90,pratikparikh5
@90amit90ghosh90,kbasak90
@93JD9612,NULL
@AcadieCyclist,NULL
@Aceandstuff,NULL
@adexanthony ,NULL
@ajithbabuts,shyamsivaraj1
@ajmaltpm,AbishaAustin
@Alex378,NULL
@Alexis_Paolucci,NULL
@alexlauter_,ShipsHaveSailed
@alexlauter_,DTXRavers
@alexlauter_,plsandtybased
@alexlauter_,DraisPoolParty
@alexlauter_,edsterjackson
@alexlauter_,wyldnightstw
@alexlauter_,RadWulfMusic
@alexlauter_,dx61kvu
@alexlauter_,Alandy_aYv42chl
@alexlauter_,JlKyh
@alexlauter_,dealzstar
@alexlauter_,Atompushers
@alexlauter_,thea2theaa
@alexlauter_,dv50dyj
@alexlauter_,aushumps
@alexlauter_,Nasywa_aRb84nyy
@alexlauter_,HTC_AmandaVa
@alexlauter_,oneminddharma
@alexlauter_,Xtone85
@alexlauter_,jessicaluee
@alexlauter_,twosideyoung
@alexlauter_,laterisermusic
@alexlauter_,AaronDinin
@alexlauter_,Edvon_ETM
@alexlauter_,TheGaryo
@alexlauter_,TommyMaverickIV
@alexlauter_,flashmusicent
@alexlauter_,mezi_fam3
@alexlauter_,wildestculture
@alexlauter_,Weschamber
@alexlauter_,MahnsterArt
@alexlauter_,tajikqueen
@alexlauter_,JocelynSeemann
@alexlauter_,athenzmedia
@alexlauter_,Coonj07i
@alexlauter_,BookBillionaire
@alexlauter_,Summers58095272
@alexlauter_,_Armon
@alexlauter_,OMFGITSOSCAR
@alexlauter_,MadzraT
@alexlauter_,TravisScottHQ
@alexlauter_,christibarbre
@alexlauter_,DraisLV_CV
@alexlauter_,ogecebel
@alexlauter_,HofmotherLinda
@alexlauter_,Blake_Paschal
@alexlauter_,djnayyz_
@alexlauter_,LozanoMusic
@alexlauter_,RealDiscoDonnie
@alexlauter_,RhettButtrich
@allofthelocks,PeteyParlay
@allofthelocks,LVSportsMasters
@allofthelocks,JayTrain19z
@allofthelocks,SportsAOTD
@allofthelocks,c2cScottWebb
@allofthelocks,RainmanPicks
@allofthelocks,7FigSyndicate
@allofthelocks,GreatLeader88
@allofthelocks,SebyDaCheese
@alphiale,MichealGodson7
@alstew2000,NULL
@Amal_M_Siby,NULL
@anevoso11,NULL
@Angelinaqueen22,NULL
@anjali1990_in,navarathna2
@anjali1990_in,FortheTroopsInc
@anjali1990_in,SealShield
@anjali1990_in,TouTMoTo
@ArUN,NULL
@arun_junai6575,NULL
@asvmegh,NULL
@Az1an_g33k,NULL
@BalaJi,NULL
@barribronston,WilNobles
@barribronston,doctorpemm
@barribronston,MoMontagut
@barribronston,marubrito19
@barribronston,architecminds
@barribronston,TulaneTech
@barribronston,andydhorowitz
@barribronston,spcourtneynola
@barribronston,LouisianaKids
@beehemms,NULL
@Bharath_R_Shet,NULL
@bhicks2220,flutie4life
@bhicks2220,amull0526
@bisuguha,BSteingraeber
@bisuguha,MalcolmALLymas2
@bisuguha,sisacademy2016
@bisuguha,chiphost
@bisuguha,russailfrank
@Blarsennn,NULL
@Bnuldun,NULL
@bookitwithubam,IFCOSystems
@bookitwithubam,SweetFreeBooks
@bookitwithubam,LWOrganics
@Bradley502sc,YourSaveGames
@Bradley502sc,IAMJULZ_
@Bradley502sc,milkmover1
@Bradley502sc,my_lashesnlace
@Bradley502sc,MARESIISAIAH1
@Bradley502sc,AjRice18
@Bradley502sc,Jameskelleyiv
@Bradley502sc,ZombieRunLLC
@Bradley502sc,Typocyde
@Bradley502sc,SumOfCoins
@Bradley502sc,WKoetz
@Bradley502sc,FaucetBitcoin
@Bradley502sc,Cody_Jepson
@Bradley502sc,ki4urz
@brandycat1969,NULL
@buffygetz,beccalynn175
@buffygetz,meetellie_cs
@bugsaregross,NULL
@CANDICE427,NULL
@chargers1813,kyleibright
@chargers1813,CryoTechh
@chargers1813,Brandon_1949
@chargers1813,askerinahmet
@chargers1813,teamrocketblue
@chargers1813,beerespanol714
@chargers1813,LynellOralee
@chargers1813,Pxmoh
@chargers1813,betterthanAlama
@chatwcaitlin,manie_jones21
@chatwcaitlin,IamJacCabrita
@chatwcaitlin,Brenna_jw
@chatwcaitlin,From_Sunshine_
@chatwcaitlin,trulyindulgent
@chatwcaitlin,a_littleashley
@chatwcaitlin,clarissamay09
@chevy_chick95,NULL
@ChhunHornH,RebeccaZachary1
@chiefin785,CoreofSports
@chiefin785,Sammy_Sport77
@chiefin785,ChiefsViews
@chiefin785,mendezbuscos
@chiefin785,Chiefs_News
@chiefin785,buzznickly
@chiefin785,sit_coleman
@chiefin785,Padde09
@chiefin785,goodlaura
@chiefin785,I_Am_JustJared
@chromebluesky,NULL
@courtneyykay,NULL
@cpslo,NULL
@cyril235100,NULL
@Dacore270,TwittterWizard
@Dacore270,utsadeli
@Dacore270,Omarious9
@Dacore270,_robertwhite1_
@Dacore270,rubyjade00000
@Dacore270,johnsonsfi1961
@dalvinius,NULL
@dearashok7,NULL
@debourg66,NULL
@denise987,RobertsonJayson
@denise987,sgunia2005
@denise987,lifewithheidig
@denise987,Noelle1970
@dhanya,NULL
@dirty9001,NULL
@dominawarbux,NULL
@dpkkmr412,NULL
@DrDiamondfire,realgoeswrong
@DrDiamondfire,prnelly610
@DrDiamondfire,CarolinaCutieee
@DrDiamondfire,cScottReeves
@DrDiamondfire,dper1972
@DrDiamondfire,ColtsRoomba
@DrDiamondfire,w_nightingale_
@DrDiamondfire,K9_Magnum
@DrDiamondfire,camelmongrel
@dwreck504,NULL
@elfarissi400,BristSultana
@elfarissi400,RehemaNzilani
@ErikaFouche,LindaRiley8
@ErikaFouche,mfeinstein676
@ErikaFouche,rmadzena
@ErikaFouche,TypewriteSA
@ErikaFouche,Dorzzie
@ErikaFouche,gussilber
@ErikaFouche,faydra_deon
@ErikaFouche,TrueSkyDancer
@ErikaFouche,BLapsOrBLekker
@ForzaVecchia,grunge1991
@ForzaVecchia,RaynerRomano1
@ForzaVecchia,stylesadorabIe
@ForzaVecchia,filipponatale1
@ForzaVecchia,PanamaJuventus
@ForzaVecchia,luisramirez19
@ForzaVecchia,alabiosa10
@ForzaVecchia,gusti06
@ForzaVecchia,Ottsandro
@ForzaVecchia,GregorioBlancca
@ForzaVecchia,Guiller86839299
@ForzaVecchia,arefpelark1
@ForzaVecchia,LisbethDeSuare1
@ForzaVecchia,ChupetitosK
@ForzaVecchia,BSCRichie_Ray
@fr3akr_Nid,NULL
@ganesh93kgk,NULL
@GnanamMV,Ghousebasha7131
@GnanamMV,AdvSakthivel
@GnanamMV,bushanitaheras
@GnanamMV,sakthis941
@GnanamMV,SVenkaesan
@GnanamMV,GnNeelamegam
@GnanamMV,AdvocateSakthi1
@GnanamMV,CiputatR
@GnanamMV,manimaruthu
@gunavijayfan,NULL
@gurubalan,gurubalan04
@gurubalan,Sajan_NYL
@gurubalan,shobilicious
@gurubalan,Gurubalan12
@gurubalan,ksidharth2
@gurubalan,contactpartthi
@gurubalan,sabar555
@gurubalan,Mad_Che86
@gurubalan,tamilbalan04
@gurubalan,dkdinesh22
@h2o_ym,NULL
@iambyanjankar,NULL
@iamsanthoshtm,ParafixUK
@iamsanthoshtm,suriakumarr
@iamsanthoshtm,Sai251101
@iamsanthoshtm,arunpandi5555
@iamsanthoshtm,JatinG545
@iamsanthoshtm,MrKruzine
@iamsanthoshtm,deepasharma86
@iamsanthoshtm,ArunKum75167489
@iamsanthoshtm,Mamidianil2
@iamsanthoshtm,maou_surya
@iamsanthoshtm,kitchaaaan
@iamsanthoshtm,Aravind2391
@iamsanthoshtm,Abinesh1625
@iamsanthoshtm,kowsikkiko
@iamsanthoshtm,pradeepnatesan1
@iamsanthoshtm,Rahumon123
@iamsanthoshtm,shyam5054
@iamsanthoshtm,sakthi04746373
@iamsanthoshtm,karthikrajkuma
@iamsanthoshtm,Praveenviswa2
@iamsanthoshtm,3d_era
@iamsanthoshtm,amma_nancy
@iamsanthoshtm,sabaris236981
@iamsanthoshtm,nrkmaddy
@iamsanthoshtm,64871a03b15a4fd
@iamsanthoshtm,Jeyanth77161165
@iamsanthoshtm,SrvVenkatesan
@iamsrk,NULL
@icoachp,SDomingTeach
@icoachp,alphabetsuccess
@icoachp,enoughallredy
@idealinfacts,NULL
@india_kcs,imCJayakumar
@india_kcs,vijaysaravana4
@istehsanalam,NULL
@JamesHelman987,NULL
@JoeOsagu,deuxtrois123
@JoeOsagu,ikokokan_ayo
@JoeOsagu,matintosin
@JoeOsagu,zoonglobal
@JoeOsagu,walex422
@JoeOsagu,saintjojo1
@jorjli,mezi_fam3
@jorjli,AnimeEvo
@juan23,pezga
@juan23,evamarinag
@juan23,RosVillalonga
@juan23,ANakajima_bot
@J__moneeyy,SciState
@J__moneeyy,Reflog_18
@J__moneeyy,beverlyarnold72
@J__moneeyy,BaIIplayer
@J__moneeyy,Futbol_tuiter
@J__moneeyy,MLBSponge
@J__moneeyy,ColdSaiyan
@J__moneeyy,footballgoue
@J__moneeyy,kenradio
@J__moneeyy,BallplayerVault
@J__moneeyy,YupItsYel
@J__moneeyy,CLNS_Nick
@J__moneeyy,MelzOMO
@J__moneeyy,orgullcule_
@J__moneeyy,MLB_Roundup
@J__moneeyy,Faux7_Dero
@J__moneeyy,PurityW01753590
@J__moneeyy,Barcelonafcforl
@J__moneeyy,BallPlayerPlus
@J__moneeyy,SProduktions
@J__moneeyy,sneaks_sniper
@J__moneeyy,fullcount_news
@J__moneeyy,A_mericanMuscle
@J__moneeyy,MWHbets
@J__moneeyy,RodneyHazard
@J__moneeyy,thexoversports
@J__moneeyy,yeezyboost_nmd
@J__moneeyy,elmessius
@J__moneeyy,BestDrakeLiness
@J__moneeyy,SIX50SOUNDS
@J__moneeyy,staytrueperiod
@J__moneeyy,405guwapo
@J__moneeyy,FemaleRapperss
@J__moneeyy,HouRocketNation
@J__moneeyy,GreenHealthPR
@J__moneeyy,JohnnyXutigol
@J__moneeyy,WTFTheRealJoJo
@J__moneeyy,FC_BarcelonaTv
@J__moneeyy,AstrosAtoZ
@J__moneeyy,HeatDaDon3
@J__moneeyy,JoshAnswers
@J__moneeyy,HTINESTROS
@J__moneeyy,jmm45_
@KarThI,pradeepkumardpi
@KarThI,hemakum63499729
@KarThI,Muffrih2
@KarThI,HarshiniSari
@KarThI,kannanmani352g4
@KarThI,sivalijies
@KarThI,augastink40
@KarThI,nithesh_india
@KarThI,venkatrajEEE
@KarThI,Kkrcb0007
@KarThI,arunreva86
@KarThI,yogeshvj988
@KarThI,karthi_mani1988
@karthicklk,NULL
@kenneth_mcfly,ohmyjackkkyyyyy
@kenneth_mcfly,jayurface
@kenneth_mcfly,BLACKDAOIST1
@kenneth_mcfly,babissgr
@kristenanne,NULL
@krobbi,Bishop_RuPaul
@krobbi,thejourneyumc
@krystajq,drjos4u
@krystajq,andyramoutar868
@krystajq,Deishion
@lebarr317,NULL
@Legendjb,whymilikethis58
@Legendjb,FantasyRath
@Legendjb,prime_prospect
@Legendjb,THEMMEXCHANGE
@Legendjb,djkingassassin
@Legendjb,_djdanny1
@Legendjb,edvansickle1
@Legendjb,wiz9721
@LidaNadjar1,NULL
@lilbitspieces,raisingwhasians
@lilbitspieces,just_callmejane
@Lindrohs,NULL
@livefreesocial,immtradersclub
@livefreesocial,WordStream
@livefreesocial,AirwaveAdvisors
@LuciferBlackASU,bushkarev
@LuciferBlackASU,funds_u
@LuciferBlackASU,LifeWithWeeed
@LuciferBlackASU,WeedCode
@LuciferBlackASU,Splashirtcom
@LuciferBlackASU,MarienClerck
@LuciferBlackASU,GrooveKillah
@LuciferBlackASU,SoStarMusic
@luttrellers,NULL
@Maga_libtears,RottiesDad
@Maga_libtears,BrocknBlue
@Maga_libtears,AlexDeluce
@Maga_libtears,Inner_Music
@maimorinel,NULL
@MANICK005,NULL
@MARANLEO,TGDINESH
@marutibilgoji,NULL
@mbesnier,onehiplibrarian
@mbesnier,dannioliva1
@mbesnier,hydeparkcsdtech
@mbesnier,kebbitzer
@mdichn,hellomerch
@Meenakshi,NULL
@michaeldean0116,NULL
@mmitha,NULL
@mohul,NULL
@Montaberne,NULL
@mukesh815,NULL
@muthuannamalai1,NULL
@nageshwaran,NULL
@nicki1122,NULL
@nidiamazing,tinybuys
@nininaut,NULL
@ohmyghoshroy,NULL
@oviya,arunmani2815
@oviya,7Gokulkris
@oviya,sangviashiq
@oviya,Jansisubramani2
@oviya,LokeshKishore2
@oviya,vathana3084
@oviya,Sangjiwan4
@pabithasri5,NULL
@Pavithra,Prithiv53771371
@Pavithra,NatarajKumar10
@Pavithra,SAIVINO9
@pettycanoodler,cherylc2615
@pettycanoodler,ballislifeant30
@pettycanoodler,TheOfficialTATE
@pettycanoodler,PatriotSurge
@pettycanoodler,Phillies_Fever
@pettycanoodler,gouge_ronald
@pettycanoodler,Rvogt1_cba
@pettycanoodler,Jersey_Ja
@pettycanoodler,_yiya21
@pettycanoodler,toyia45
@pettycanoodler,Since19Sixty
@pettycanoodler,joe_biehl
@pettycanoodler,The3Four
@pettycanoodler,Clydew666
@pettycanoodler,cranekicker
@pettycanoodler,jeffpearlman
@pettycanoodler,215PhillySports
@pettycanoodler,LvstfuII
@pettycanoodler,HowLongSinceSTL
@piperlaurae,A_WayneOrr
@piperlaurae,pd_ebr
@piperlaurae,_SingleandFree_
@piperlaurae,jgcav78
@Pkreddy7,NULL
@postmonfren,itstimwhite
@postmonfren,kdveeran
@postmonfren,VieJester
@postmonfren,etherealweeb
@postmonfren,OneEyeBoruto
@postmonfren,MrJackMedia
@postmonfren,wrongsidexxx
@postmonfren,weebclout
@postmonfren,nathancortezz
@prabhu6764,Gj_Notes
@PremKumar,NULL
@princessthithi,MMantsiou
@princessthithi,bubli_bubli555
@rajraj,NULL
@rambala,Ni8Wqq__Andisca
@ravikushal,NULL
@reapover,NULL
@ritste20,CassiKaiser
@ritste20,neoflcn
@ritste20,jphillippy
@ritste20,randallbock
@rohitku86844283,NULL
@roseyhe24081985,rmbala
@rubendsvilela,pmexiaa16
@rubendsvilela,isa0ines
@rymiicon,val_abbie
@rymiicon,Briankerima2
@rymiicon,28335922ae3f24d
@rymiicon,EldonLangat
@rymiicon,franktushky
@sabari0600,NULL
@salini,NULL
@Santhosh,StTnL
@SelfieSpec,NULL
@sforshiva,NULL
@siva,NULL
@skopein6,NULL
@skott1982,NULL
@star_gazer72,JeanLeggett
@star_gazer72,Caitlin_Jermey
@star_gazer72,christinewhone
@steezkelly,_maggatron
@steezkelly,alexisg6598
@sunilkapur,NULL
@sushil_suz,vanessajames261
@TheHotCakesD_C,Sharvantolia
@TheHotCakesD_C,christiankaneo3
@TheHotCakesD_C,QbCNIDQYSwMSovP
@TheHotCakesD_C,DiamondDixieLLC
@TheHotCakesD_C,redheart_1989
@TheHotCakesD_C,CalvinH71783300
@THtweety,NULL
@trump_life,r_objectivism_
@trump_life,TEN_GOP
@tyra_duchess,BenjiMabala
@tyra_duchess,buhr_victoria
@tyra_duchess,caseywowmin
@tyra_duchess,rissacat18
@tyra_duchess,travelnursing14
@tyra_duchess,StephanSpeaks
@tyra_duchess,deezele
@tyra_duchess,da_stills
@tyra_duchess,LivingSingleALM
@tyra_duchess,mohamed_rabh
@Vickibetking,Safaricom_Care
@Vickibetking,MoisesUy
@Vickibetking,MnyamweziDavid
@Vickibetking,Lizker1
@Vickibetking,kaptinga
@Vickibetking,naldgonzaga
@Vickibetking,misskarishmawow
@Vickibetking,25to1K
@Vickibetking,SherriffZarck
@Vickibetking,macoyamo
@Vickibetking,puntleague
@vickysethu,NULL
@vinothkrishnan,m_praki
@vinothkrishnan,Ganeshsabari
@vinothkrishnan,sachinsaran
@wearekipre,docuspace
@wearekipre,gHealth
@wearekipre,TengoLoTodo
@wearekipre,MarjanaMalina
@wearekipre,Comartinetti
@wearekipre,Uanna_Deepum
@wearekipre,Pat00710
@wearekipre,CeliaChauvet
@wearekipre,Make_My_Fay
@wearekipre,Children1USA
@wearekipre,Inezyvdq
@YuliaRyabenko,NULL
@yuvaraj471,kginfotechindia
@_iamZer0_,NULL
@_klauzs_,NULL
@_rgomez_,beltra_leticia
@_rgomez_,risitas20_love
@_rgomez_,adrian_twi
@_rgomez_,smm_anna
@_rgomez_,er_hudda
@_rgomez_,DanDannnyrojas
@_rgomez_,Leticiagtrrez27
@_rgomez_,Despenadero
@_rgomez_,mtaibo3
@_rgomez_,dania_866
@_rgomez_,JuliaKShorki5
@_rgomez_,RevistaSG
abhaynarayan09,NULL
agiridhar107,NULL
AJITH4KYLM,YAcquisitions
AJITH4KYLM,Moraqedbm
AJITH4KYLM,avanthikarao1
AJITH4KYLM,apsarasingh57
ajosephstalin,NULL
albertico1969,NULL
Alex378,NULL
amitava_santu,NULL
ammuambika130,NULL
Anandmagi,NULL
Anandwonder0,ajaydass_
Anandwonder0,Yahini6
Anandwonder0,1ganjo
Anandwonder0,AnswerChief
Anbarasan,SRMkarthi91
Anbarasan,shanmugakarna
Anbarasan,vivek75941
Anbarasan,senthil12684
Anbarasan,skamatchidted
Anbarasan,IlayarasanPdkt
Anbarasan,hadi0294
andresv2208,NULL
animes03,9871430039Hotel
animes03,EzineArticles
ANIRUTH,Sudhaka65101404
ANIRUTH,Sathish28520017
ANIRUTH,MohammedNijath
ANIRUTH,nathansha9
ANIRUTH,dhayadss
ANIRUTH,smaran1999
ANIRUTH,YesArora
ANIRUTH,rupanrock3
ANIRUTH,praveen93anbu
ANIRUTH,Vickyfurieee
ANIRUTH,SenleeSenthil
ANIRUTH,Devika72635747
ANIRUTH,msprabhu6
ANIRUTH,sabarish_hero
ANIRUTH,vinodkumarchetr
ANIRUTH,_alhudhanews1st
ANIRUTH,CattyTejashree
ANIRUTH,rajapan08815372
AntonioVieiraL2,NULL
anupamjamatia,NULL
asifithikkal,suhailpk7
asifithikkal,Surendarkd
asifithikkal,ThajuRahman
asifithikkal,tanushr123
asifithikkal,DeVahid
asifithikkal,Nandagopan173
asifithikkal,sanusego1969
asifithikkal,anshid4tanalur
asifithikkal,mushfiquemk
asifithikkal,jananiraj_10
awang1996,NULL
badvanilla,NULL
balaji,randomlysid
balaji,perpetualspirit
balaji,Safety_Steve
balaji,MartyMcJake
balaji,KeithCMNG
balaji,ikstar10
balaji,CMudedla
balaji,KumaranD4
basavaraj,NULL
Being_shrave,NULL
bhairam5067,NULL
bharathiraja,ArieSantiago7
bharathiraja,sandigesh
bharathiraja,nagappan_v
bharathiraja,Xavierjaiselvan
brit_walls,NULL
candice427,NULL
carlosdmorillo,maironsanchez
carlosdmorillo,valeriastruve
carlosdmorillo,yosuarth
carlosdmorillo,leninjmolero
cdvsnp,NULL
cgcartel,NULL
chandramohanan,sajanbaig
chandramohanan,karthikuttu
chandramohanan,Abhaymmehta
chandramohanan,contactdvs
chandramohanan,vpuja558
chandramohanan,anikuttz
chandramohanan,shamimk194
chandramohanan,odettebudstekol
chandramohanan,smarttechpw
chandramohanan,CYadunath
chandramohanan,rini2584
chandramohanan,BADARIRK
chandramohanan,digantmishra9
chandramohanan,jamshedkhan97
chandramohanan,avtarsethi61
chandramohanan,DivyeshShah3
chandramohanan,kazimurtuza082
chandramohanan,shetty_rakshit
chandramohanan,mrvivu1976
chandramohanan,chandrammohan12
chandramohanan,Samtsak
chandramohanan,Ali_BinGadeem
chandramohanan,ashishcharla
chandramohanan,Surajmishra1991
chandramohanan,yadunathc
chandramohanan,SUMOTUWETHFRSA
chandramohanan,chandramohanm
chandramohanan,sirajavulan
chandramohanan,udayalekshmi
chandramohanan,lijuak
chandramohanan,mrvivu
cheesemarmalade,darradarrabillz
copsucker,saswo4
cruzwithme,Betsomecom
cruzwithme,AdamAlja1
CTAMILKUMARAN,santhasundaram
CTAMILKUMARAN,hugmotors
cwhitney24,NULL
Cyolism,uV_DaVonSpecz
Cyolism,MajinEddie
Cyolism,Badlex727
Cyolism,Emii_Lemony
Cyolism,Cinnamon730
Cyolism,Uzer_Friendly
da72fca1e1f649c,NULL
daubachsgirl23,NULL
Dauntlesshybrid,NULL
derond1,NULL
derrikbosse,CraigRhyth
derrikbosse,dkowalskiTalon
derrikbosse,RachelAdeleSLR
derrikbosse,ProjectDeafmute
derrikbosse,CoolComputerMan
derrikbosse,DanDDeutsch
derrikbosse,XCommsDirect
derrikbosse,bugsnag
derrikbosse,InfuseGroup
derrikbosse,javOSize
derrikbosse,NeverSettle44
dev226523,NULL
dhanvarsh,sangeethasrin
dhanvarsh,AnilCharmana
dhanvarsh,palani_8
dhanvarsh,prasicoolm
dhanvarsh,jinoelnino
dhanvarsh,HgSneha
dhanvarsh,sonisood1
dhanvarsh,kgakash
dhanvarsh,pramodcb
dhanvarsh,ksoundsk
dhanvarsh,deepak1141495
dharinijeeva,AADHI00
diegohrnal,melissasanchezg
diegohrnal,LuisaFernandaLB
diegohrnal,ladagaco
diegohrnal,mariiaelizalde
dilu,DiluKope
dilu,rohanrathnayak2
dilu,RRm683
dineesh,TheAbhishekVK
djnobody321,NULL
DungoAngelo,moonlightbeya
EBdT2,academiacppm
Electroedge,NULL
el_charlie,NULL
EnisM4,albertshahini
EnisM4,GlenVanNeil
fenyt,NULL
fleekmelife,NULL
footeprint,oilwellness101
footeprint,jpoket
footeprint,Datride
footeprint,virtualolympus
fullerspectrum,Furien_X
fullerspectrum,ShopSilvio
fullerspectrum,desdamin
fullerspectrum,activecitywin
fullerspectrum,HazeConnection
fullerspectrum,JohnGaltA1
fullerspectrum,VMajorGaming
fullerspectrum,lively_blade
fullerspectrum,MirrorKissesVA
fullerspectrum,uberfeminist
fullerspectrum,ffForSINNER
fullerspectrum,Elf_ebooks
fullerspectrum,BunnyStreams
fullerspectrum,coldenvy
fullerspectrum,UnboxFox
fullerspectrum,cookiepiotra
fullerspectrum,KristinaDruzina
fullerspectrum,_countryballs
fullerspectrum,LiveGamesTVNL
fullerspectrum,ShockwaveBot
fullerspectrum,ssl_tv
fullerspectrum,DonChameleon
fullerspectrum,Heroic_Artist
fullerspectrum,MissSaiyomi
fullerspectrum,jlist
fullerspectrum,SoDamn_Insane1
fullerspectrum,TEAMKSN
fullerspectrum,T0pmarx
fullerspectrum,Atheism_7
fullerspectrum,618Vgu
fullerspectrum,christeneluede1
fullerspectrum,MalePaleStale
fullerspectrum,presidentwtf
fullerspectrum,TheQuQu
fullerspectrum,mutualistparty
fullerspectrum,supercuntbros
fullerspectrum,dbaizzHD
fullerspectrum,SplayAphid954
fullerspectrum,Danterns
fullerspectrum,exceptionsplays
fullerspectrum,ContrarianCdn
fullerspectrum,XGamerEnergy
fullerspectrum,madindies
fullerspectrum,AnimeSxnpai
Furzana,NULL
gaurav220,AVANTIKAOBEROI
gking018,ISBACAT
gking018,EileenaMincey
gking018,GreenleeTaliya
gking018,stepht819
gking018,elaineredbone
gking018,SakeetaA
gking018,IanGuindon
gking018,HeavenThornton
gking018,GraceMaKenzieH
gking018,Emma_3cool
gking018,maddiicrowley
gking018,only1linnnn
gking018,ClarkDaisy6
gking018,kali_nbates
gking018,tweeTKayy
gunadhoni,NULL
harivarath,NULL
hemavathi,umamahesh199
hemavathi,Manjunathswath2
hemavathi,KALAIHM
hemavathi,kvneshan
HighCreatureCR,NULL
HiLT,Shoqwezal
HiLT,veek
HiLT,Double_Flames
HiLT,StayAt_org
HiLT,Johnson_54
HiLT,captianzanax
iam_spr,NULL
imhusain98,techcubicle_net
Im_A_Hot_Nerd,NULL
inyrarms89,Kimmy4Christ
irrael,NULL
itsmecrazyhead,mymoore_
JamesHelman987,LtrApparels
JamesHelman987,BOOK_LORD_KAOS
jennyliann,NULL
jkobabo,NULL
JohnEast1,NULL
josephkurianm,NULL
juan11,mavare05
justin0403j,NULL
KATHEREN,NULL
kavi7927,NULL
kittylifevlogs,NULL
kmanojkumar8,NULL
KMKARTHICK,HaroldOna
KMKARTHICK,arunloknath
ktnblu,NULL
Lasrion,westonparmelee
LazyyFrog,Pratapdas13
lfridlander,NULL
Liladhar,NULL
lisaha75,burritofaces
lisaha75,MaeMart1nez
lisaha75,kyeung83
lisaha75,TherustyBmstick
lisaha75,wittt2
lisaha75,ntehtabe
lisaha75,datISH_4
lisaha75,galleryofgrace
lisaha75,Natureloveing
lisaha75,gayuhthedoctors
lisaha75,elyriia
lisaha75,Tech_Writer_Ace
lisaha75,LockerzRulez2
lisaha75,riefderrico
lisaha75,nickkho
lisaha75,BernadetteWaugh
lisaha75,SpringTear
lisaha75,nethopperz
lisaha75,benbob1
lisaha75,annezarra
lisaha75,startwit
lisaha75,hjhess3
lisaha75,DebeeMI
lisaha75,debbie_23
lisaha75,imchrisaust48
lisaha75,KristenKDUB48
Lizasemm,clowney_fishman
Lizasemm,patahogan
Lizasemm,c_serniak
Lizasemm,SteezyZJT
Lizasemm,slicedfruit
Lizasemm,dvanderblue
Lizasemm,mikewaldron115
Lizasemm,Danleto9
Lizasemm,ELandesberg
Lizasemm,mhead11
Lizasemm,SkHoolboy_K
Lizasemm,_megbrownn
Lizasemm,sydneyslavin
Lizasemm,kylieschreck2
Lizasemm,Im_Cullinan
Lizasemm,zachtrippodo
Lizasemm,bee_boardman
Lizasemm,jakesohigian
Lizasemm,Imbigbrian
Lizasemm,jdutter1
Lizasemm,katieek32
Lizasemm,WestSide_do_die
Lizasemm,amandaobrienn
Lizasemm,MaddyKeith2
Lizasemm,Mitch_Wykoff
Lizasemm,alicenelsonn
logavino,NULL
loguvino,NULL
lovegotbangtan,NULL
luolive007yahoo,stefanwagner300
luolive007yahoo,akankshamzit
Madhonna,madan
majax16,NULL
malli,NULL
manasa,UmarAbram
manasa,NiranjanB9
manasa,sharathmanasa51
manasa,Maheshk24294391
manasa,SDERANA
manasa,Abhilas35467270
manasa,ChanduK62344143
manasa,KSPpravee
manasa,praveenperfect8
manasa,chhhhhhhhhhhhgg
manasa,velisettichakr1
manasa,Pavanvenki4042M
manasa,Durgapr74575576
manasa,ramachandramar4
manasa,AlMasoo45268390
manasa,pm1507marutha
manasa,ShaikSs498
manasa,Mohanpvmsg
manasa,babloonishanth1
manasa,saching20281568
manasa,SannyMadhan
manasa,SRIRANGAMMAHES1
manasa,vasantharamu
manasa,AravindDevulap1
manasa,RAJUREBLE
manasa,chchaitanya525
manasa,raki6368
manasa,Madhav19055980
manasa,VenkateshgoudK
manasa,ManeesaReddy
manivannangs,brianahouse1121
manivannangs,mallorysweene16
mario0318,CitiesSkyline
mario0318,Turk315
mario0318,the_life_affair
mario0318,GrantWTrent
mario0318,AttackoftheHank
MattLem_,NULL
maybeyourneed,NULL
mayur,NULL
medianet_online,NULL
misba,NULL
mmitha,NULL
moretolife__,NULL
mrtell13,NULL
msvickitori,NULL
murali,YourNextDigital
murali,AAbhi420
murali,Agarbathies
murali,sachinsambhus
murali,rajeshmy
murali,AnmolMD
murali,KhushmeetSidhu
murali,bajwamanpreet1
murali,azi420
murali,mskatoch
murali,ragnihotri11
murali,pannutharaj
murali,amey2407
murali,Rahulkrakzzz
murali,muralid90723083
murali,themurali
murali,ramkuma50129123
murali,MURALI99637457
murali,sojujose2
murali,vidyuthbharatha
murali,6e33fc60e5334db
murali,nillakutty14
murali,venkate47061430
murali,1422101576
murali,dharani67733261
murali,Bismibags
murali,advertise2media
murali,sharief1993
murali,Meera49223983
murali,muralivachari
murali,Harshita_Verma9
murali,justserviceind
murali,WSimwanza
murali,SadhnaSingh15
mutantdays,legs_hamilton
mutantdays,JTJburns
mutantdays,dooplejoy
mutantdays,metume
mutantdays,crazytipster_
mytamilpeople,NULL
Myusername1,NULL
naga,Naga07382940
naga,longtsasangtam
naga,ariffriadi
naga,tommyftm1
naga,ramyopam
naga,Nagadevi11
naga,GreyCastelo
naga,EJM230
naga,AtickSimpa
naga,NitaNurmaya
naga,nrayalla
naga,FamelaAna
naga,muhammadzairul5
naga,captdilli
naga,mnagarajan
naga,andrasine1
nagarajan,OptionAutomator
nagarajan,Shira87347733
nagarajan,AdamErhart
nagarajan,velostrata
nagarajan,F_Marsili
nagarajan,arjenvanberkum
nagarajan,Baysource
nagarajan,JohnCMaxwell6
nagarajan,RektG1
nagarajan,AbseyBetty
nagarajan,contentmarketo
nagarajan,SinghLions
nagarajan,TopangaTalent
nagarajan,VRARConsulting
nagarajan,StudioDisrupt
nagarajan,GinoBaltazar
nagarajan,rossdawson
nagarajan,schinski
NalinW3,NicHubin
NalinW3,Eliok5
NalinW3,alannah_clairee
NalinW3,emma_rae__
NalinW3,kaarleiggh4
NalinW3,BrettB371
NalinW3,somf3n_IV
NalinW3,Ali_Im_Sorry
NalinW3,fakeleahfacts
NalinW3,jessslemke
NalinW3,jesschaps
NalinW3,sammy_busch
NalinW3,wafakhaan
nanfield16,NULL
nani06072017,NULL
nethra,chandnis80
nevervoid,NULL
nikith_yadav,RajRenga23
noirearrow,PasterdsPodcast
noirearrow,SouIPunisher
noirearrow,RealityGigabyte
noirearrow,DRNKcoffee
noirearrow,eAthleteLabs
noirearrow,darktokoyami
noirearrow,EthanMcDowell12
noirearrow,ElephantCZ_Care
noirearrow,ErnstBenz
noirearrow,KurtWillems
noirearrow,instagramposse
noirearrow,overbyte_studio
noirearrow,alicia_gaile
noirearrow,CanvasArtLove
noirearrow,ZenZonez
noirearrow,posimakeup
noirearrow,wwk3tZbU
noirearrow,timeywimeypolls
noirearrow,wolves_josh
noirearrow,icreatepoems
noirearrow,OneRaceCo
noirearrow,Deep_Desires
noirearrow,Amazng_Authors
noirearrow,mell_13
noirearrow,drakemasters
noirearrow,Comics4Free
noirearrow,MelodyJoyColors
noirearrow,seIfcareis
noirearrow,so_mebody
noirearrow,visalprom186
nrprajeesh,NULL
ocumarereal,NULL
omana,jaiswal_usha
omana,wwwmasal123
omprakash,NULL
palanikumar,JaneenFox10
paul4prem,Deva8098049035
PerfectVignesh8,FoodFlying
PerfectVignesh8,saintdesy
plorable,NULL
popculturespot,lbeip
popculturespot,RINOVELTY
popculturespot,BrickStix
popculturespot,TheMindyProject
popculturespot,BRAHMINSOL
popculturespot,Recartapp
popculturespot,theHPE
popculturespot,DontPayFull
popculturespot,TwigWigToys
popculturespot,sendapumpkin
popculturespot,CheapAssBoxes
popculturespot,ImagineByRubies
popculturespot,autoparts69
popculturespot,RubiesCostumeCo
popculturespot,Wild_Republic
popculturespot,CA_MKTPLACE_
popculturespot,smokymtngift
popculturespot,WhatNowAtlanta
popculturespot,kuhn_scott
popculturespot,EcoSwiftPS
popculturespot,QRphoria
prakritiaryan,NULL
praveen,NULL
presanth,NULL
prikutty,ycsharma4
prikutty,subrago
priyamblue6,jelena3016
priyamblue6,amirzahidkhan
priyamblue6,GuierGuiliani
quackyscience,NULL
RAJA31193,leaksdaily
RAJA31193,statementsfound
RAJA31193,kopite_76
RAJA31193,RogueSailor
RAJEESH,NULL
RanjnaJothi,NULL
RAVIKUMAR,fanaticous
RAVIKUMAR,mariamincheva98
RAVIKUMAR,SirRavikumar
RAVIKUMAR,venn99
RAVIKUMAR,jdejusto
RAVIKUMAR,thimelaninphung
RAVIKUMAR,GeovaneBllnzz
RAVIKUMAR,jagdishkumars20
RAVIKUMAR,R15357702
RAVIKUMAR,ARamesh92677161
RAVIKUMAR,ravikum01308891
RAVIKUMAR,devkawat11
reena,NULL
rehan09,umfarooq8
rehan09,shamveelaamir
rehan09,e_FashionPolice
renu,subhash_hr
rishabh_ags,NULL
rjwiley,alicetragejlk
robrehes,NULL
roxxie_roxxie,NULL
RY5214584,NULL
sahibzada077,sthephanieggs
sahibzada077,faschu45
Sajayan18,NULL
salini,NULL
Sandynibbles,NULL
SaraNel55891139,NULL
SARATH,NULL
SeanCMNJ,NULL
sekhar,shubham28808923
sekhar,sai_bellam
sekhar,ISupportFarming
sekhar,KielelezoKipya
sekhar,HarrietSamoei
sekhar,ChestraTalent
sekhar,1982Narendra
sekhar,Arshadbinasif
sekhar,JoeKevin9
sekhar,kbharath11192
sekhar,SHAILENDRA31093
sekhar,vineetdogra
sekhar,AnsaryZunaid
sekhar,narendra_1982
sekhar,IKO8th
sekhar,ramani5
sekhar,saikrrish008
sekhar,muralibheeman
sekhar,jeniagustini
sekhar,munzir_munzir07
sekhar,SkySnehal
sekhar,ThoutiJayanth
Shankarnewton,NULL
shanmugavadivel,NULL
SHARAFALI,muhammedrafiurl
SHARAFALI,mansoordanishk
shijudas,NULL
ShilpaNagin,NULL
shivgyan,NULL
shownu_ismyhero,NULL
SinghVishalRana,CutybabyK
SinghVishalRana,mdfurq
SinghVishalRana,Prashantpking
SinghVishalRana,gabarkisholay
SinghVishalRana,piyush8964
SinghVishalRana,aevseev5141
SinghVishalRana,Spie0018
SinghVishalRana,bhargava_bunny
SinghVishalRana,JanetChhangte
SinghVishalRana,MuralikrishnaL6
SinghVishalRana,Paxxio_Official
SinghVishalRana,narkhede_suraj
SinghVishalRana,haloestrada385
SinghVishalRana,janineschroed16
SinghVishalRana,marianaweeks922
SinghVishalRana,carlymoran35261
SinghVishalRana,maryloubruce162
SinghVishalRana,georgettepark21
SinghVishalRana,cathleenholman9
SinghVishalRana,RousseauLentz
SirRoxas,NULL
siva1890,adapaavame
siva1890,JothiMalini
skopein6,NULL
SNAREN,chouksesumit
SNAREN,gshegdeassocia3
SNAREN,naginpatel58
SNAREN,iyercookies
SNAREN,aditya_mokashi
SNAREN,SkDreamearth
SNAREN,jmehta9
SNAREN,dibchoudhury
SNAREN,monish59
SNAREN,ashmipinto
SNAREN,ritu_gera
SNAREN,kishorissai
SNAREN,Parag_Khair
sohamM97,NULL
SOWMIYA,NULL
spandey896,vigneshar072
sparoc3,SreenathSwathi
spidermanda,NULL
spiritualsirene,mxtsura
SrinivasPykl,NULL
steezkelly,NULL
studmax,jegcelorio
studmax,customloops
studmax,ryancarson
studmax,losindikados
studmax,VitoGaudioHTFB
studmax,TheMoneyShed
studmax,kasterose
studmax,Tecmilenio
sushilarya0107,NULL
tanuarja253,NULL
taraduveanu,NULL
tayyabnazir,Tayyabalihashm5
tayyabnazir,iMusitweets
tayyabnazir,Oval54
tayyabnazir,PTIforlife
tayyabnazir,FaadiSays
tayyabnazir,SMZAFARKABASI2
tayyabnazir,inayat_gamgen
techbizgurl,susiemoore
THALARUBESH,NULL
Theeiffel64,NULL
themadbastage,MooringsBBar
themadbastage,LorettaMorale16
themadbastage,CookieWookie68
themadbastage,Jonny_Sel
themadbastage,dlbehrns
themadbastage,Switchhitter101
themadbastage,elBojo47
themadbastage,SimeonLeonard
themadbastage,Mostly_Indies
themadbastage,JonnySelimovic
themadbastage,james_weinert
the_fly_fisher,NULL
thodupuzha023,NULL
tintu,builders_apollo
tintu,sinnyimac
tintu,therealsechzehn
tintu,jineshgeorgeg
tintu,FCSolothurn
tintu,Kofmehl
tintu,hombertho
tintu,12ramkumar
tintu,Sneakpod
tintu,solothurn
tintu,ricibici
tintu,schinkomat
tintu,blackh0le
tintu,erfurttweets
tintu,spreeblick
Tirtha,NULL
tkomarniski,NULL
tobuvino,NULL
Torri_sunshine,VlogNationInc
Trickster_Mode,NULL
TTymeLadyCoutur,OfficialCurvez
USERNAMEISRAJ,whatdoyoumeahn
USERNAMEISRAJ,oppohsites
vaanamkarthik,NULL
valeriecarvajal,NULL
VENKAT,BigNitin
VENKAT,GuruPrasandhR
VENKAT,MassThreeEshop1
VENKAT,venkat64vk
VENKAT,KrishnaKisoreT
VENKAT,VShankarganesh
VENKAT,prncess_alex
VENKAT,BenkteshNarayan
VENKAT,jophilo8
VENKAT,gmkrmanoj
VENKAT,manoj49
villuvinoth,NULL
vinitha,Yathish95785319
vinitha,sujatawde
vinitha,folio_india
vinoth89,ross_parkinson
vinoth89,DuskysindsK
vinoth89,selvam1819
vinoth89,SreevathsanR
vinoth89,RajeshTHALA4
vinoth89,cozytrousers
vinoth89,AvuthuManasa
vinoth89,selvan44
vinoth89,sagunthalatuto
vinoth89,kausevisu
vinoth89,kausevisu
vinoth89,priyenkadevi
vinoth89,d_professional
vinoth89,Arunkarthickraj
vinoth89,d2574a49d7614a5
vinoth89,civil_balu
vinoth89,skodimalar
vinoth89,Anitatvl
vinoth89,ponesakkiraj
vinoth89,Manikandan3010
vinoth89,justlavak
vinoth89,nika21121991
vinoth89,hrshankar029
vinoth89,balabecivil
vinoth89,karthickwizard
vinoth89,syuvacivil
vinoth89,kramya90
vinuvpnair,NULL
VitalityAF,CostaDelSolInmo
VitalityAF,WordStream
VitalityAF,KoalaLarryD
VitalityAF,SquirtlesOG
VitalityAF,IrohasuC
VitalityAF,oFlexxo
VitalityAF,thelimitlessnet
VitalityAF,KBNThegamergodd
VitalityAF,Zonetooolsaahdb
vivek89,binshaad
vivek89,sanjurmenon
vivek89,sudhtwitty
vivek89,gulshannirmal
vivek89,Megh3003
xaamraat,yoursbeej
xaamraat,Premkarki47
xDaniRae,NULL
Zom_brenna,heynathon
Zom_brenna,Groovy_Doom
Zom_brenna,McGinnisMadison
_JakeRoy_,TheseGuys_
karthick,NULL
robozear,ICC
robozear,purdy34
robozear,FIFAWorldCup
robozear,Swannyg66
robozear,jimmy9
robozear,Eoin16
robozear,abpnewstv
robozear,aajtak
robozear,FIFAcom
robozear,sachin_rt
robozear,msdhoni
robozear,ESPNcricinfo
robozear,PMOIndia
robozear,NITIAayog
robozear,sonakshisinha
robozear,arrahman
robozear,iamsrk
robozear,SrBachchan
robozear,akshaykumar
robozear,narendramodi
robozear,ABdeVilliers17
robozear,BeingSalmanKhan
robozear,aamir_khan
robozear,ImZaheer
robozear,ImRaina
robozear,boylerpf
robozear,bipsluvurself
robozear,GautamGambhir
robozear,DeepaRachakonda
robozear,BillGates
robozear,virendersehwag
robozear,karanjohar
robozear,BarackObama
robozear,priyankachopra
robozear,TheVijayMallya
robozear,AnupamPkher
robozear,iHrithik
robozear,sonamakapoor
robozear,Riteishd
robozear,shreyaghoshal
robozear,deepikapadukone
robozear,hotcandy2
9eleven85,NULL
@90amit90ghosh90,rashtrapatibhvn
@90amit90ghosh90,JabongIndia
@90amit90ghosh90,BJP4India
@90amit90ghosh90,INCIndia
@90amit90ghosh90,BBCNews
@90amit90ghosh90,PChidambaram_IN
@90amit90ghosh90,arunjaitley
@90amit90ghosh90,POI13
@90amit90ghosh90,SudiptoThinker
@90amit90ghosh90,JM_Scindia
@90amit90ghosh90,AmitShah
@90amit90ghosh90,smritiirani
@90amit90ghosh90,DrJitendraSingh
@90amit90ghosh90,nishikant_dubey
@90amit90ghosh90,MDoNER_India
@90amit90ghosh90,OfficeOfRG
@90amit90ghosh90,VinodChavdaBJP
@90amit90ghosh90,GaneshSingh_in
@90amit90ghosh90,shripadynaik
@90amit90ghosh90,NSawaikar
@90amit90ghosh90,rameshbidhuri
@90amit90ghosh90,DeependerSHooda
@90amit90ghosh90,drkiritpsolanki
@90amit90ghosh90,SharadYadavMP
@90amit90ghosh90,Hindusonnet
@90amit90ghosh90,dr_satyapal
@90amit90ghosh90,drsanjeevbalyan
@90amit90ghosh90,iGopalShetty
@90amit90ghosh90,CGAbhishekSingh
@90amit90ghosh90,gssjodhpur
@90amit90ghosh90,MPRakeshSingh
@90amit90ghosh90,DrRPNishank
@90amit90ghosh90,RahulKaswanMP
@90amit90ghosh90,sudhirchaudhary
@90amit90ghosh90,ahir_hansraj
@90amit90ghosh90,SirPareshRawal
@90amit90ghosh90,prasoonjoshi_
@90amit90ghosh90,AlokSanjar_mp
@90amit90ghosh90,gmsiddeshwara
@90amit90ghosh90,UNinIndia
@90amit90ghosh90,R_Lakhanpal
@90amit90ghosh90,MP_Meerut
@90amit90ghosh90,CharlesMichel
@90amit90ghosh90,Simhasth
@90amit90ghosh90,BJP4Keralam
@90amit90ghosh90,BJP4Bengal
@90amit90ghosh90,ArlingtonNatl
@90amit90ghosh90,PresidenciaMX
@90amit90ghosh90,PresidentRuvi
@90amit90ghosh90,KajolAtUN
@93JD9612,NULL
@AcadieCyclist,Bike_Lafayette
@Aceandstuff,NULL
@adexanthony ,NULL
@AjiTh,NULL
@ajithbabuts,behindwoods
@ajithbabuts,sundarpichai
@ajithbabuts,24MovieOffl
@ajithbabuts,igtamil
@ajithbabuts,ikamalhaasan
@ajithbabuts,VffVishal
@ajithbabuts,StudioGreen2
@ajmaltpm,NULL
@Alex378,NULL
@Alexis_Paolucci,NULL
@allofthelocks,AcingTheBooks
@allofthelocks,thetennisplug
@allofthelocks,KingPinPicks
@allofthelocks,JayTrain19z
@allofthelocks,SimonSDQLPicks
@allofthelocks,FadeTennis
@alphiale,theeagle
@alphiale,AggieFootball
@alphiale,KBTXNews
@alphiale,trevor_knight9
@alphiale,TheBattOnline
@alphiale,GBHunting
@alphiale,bhawkesRN
@alphiale,TAMUCodeMaroon
@alphiale,AggieNetwork
@alphiale,ChristianDavon2
@alphiale,TexasHumor
@alphiale,TexAgs
@alphiale,12thMan
@alphiale,TAMU
@alphiale,aggiefblife
@alphiale,AggieBaseball
@alphiale,BillGates
@alphiale,notzuckerberg
@alphiale,ICUnursing
@alphiale,siwonchoi
@alstew2000,NULL
@Amal_M_Siby,NULL
@amitrahul,Devendr26688292
@amitrahul,My_SimplyAgenda
@anevoso11,NULL
@angel55259263,NULL
@Angelinaqueen22,vijaytelevision
@Angelinaqueen22,ThatsHistory
@anjali1990_in,phoneradarblog
@anjali1990_in,healthyfood2you
@anjali1990_in,horizonlandscpe
@anjali1990_in,FavoritFavors
@arun_junai6575,NULL
@Az1an_g33k,NULL
@BalaJi,NULL
@barribronston,doctorpemm
@barribronston,WilNobles
@barribronston,marubrito19
@barribronston,TulaneTech
@barribronston,culinary_med
@barribronston,andydhorowitz
@barribronston,Expert_Pitch
@barribronston,spcourtneynola
@beehemms,NULL
@Bharath_R_Shet,NULL
@bhicks2220,kirs10gregory
@bisuguha,Xclusivenaija
@bisuguha,rajibbose
@bisuguha,randfish
@bisuguha,lorenbaker
@bisuguha,firsttouchgames
@bisuguha,neilpatel
@bisuguha,Leapforceathome
@bisuguha,TMBishop
@bisuguha,SR4Warrior
@bisuguha,BarelyLethalMov
@bisuguha,startupgurufans
@bisuguha,printbees
@bisuguha,VirtualPeter
@Blarsennn,NULL
@Bnuldun,NULL
@bookitwithubam,NULL
@Bradley502sc,KeyCDN
@Bradley502sc,MojangSupport
@Bradley502sc,MCPHSupport
@Bradley502sc,MCProHosting
@Bradley502sc,MojangStatus
@Bradley502sc,Bitly
@Bradley502sc,Buycraft
@Bradley502sc,GG_Servers
@Bradley502sc,technoontop
@Bradley502sc,thewebpro
@Bradley502sc,aurateur
@Bradley502sc,picbackman
@Bradley502sc,ElectrumWallet
@Bradley502sc,SteamStatus
@Bradley502sc,levigmiller
@Bradley502sc,Wyld
@Bradley502sc,kicad_pcb
@Bradley502sc,HankyPankyLtd
@Bradley502sc,RaspPiBeginners
@Bradley502sc,makerfaire
@Bradley502sc,hackaday
@Bradley502sc,instructables
@Bradley502sc,make
@brandycat1969,NULL
@buffygetz,theSIMPLEmoms
@bugsaregross,NULL
@buszej,IndieGala
@buszej,PlayStationPL
@buszej,Meridian4
@buszej,VG247
@CANDICE427,NULL
@chatwcaitlin,Actionfreed
@chatwcaitlin,o_njubigbo
@chatwcaitlin,morgankopy
@chatwcaitlin,RichterJaydn
@chatwcaitlin,msericaligenza
@chatwcaitlin,ashvickney
@chevy_chick95,clickworker_com
@chevy_chick95,HoelleinGIFS
@ChhunHornH,zombie_vali
@ChhunHornH,harveychristop1
@chozhan_siva,NULL
@chromebluesky,NULL
@courtneyykay,NULL
@cpslo,HalfAtlanta
@cpslo,roqchams
@cpslo,gwatsky
@cpslo,abexlumberg
@cpslo,TheDigiRichie
@cpslo,_sledder
@cpslo,giganticsquid
@cyril235100,HiHonorIndia
@cyril235100,ChrisBequiet
@cyril235100,TechTabletscom
@cyril235100,theMrMobile
@cyril235100,PhoneGyaanYT
@cyril235100,hackrio_
@cyril235100,ASUS_ROG
@cyril235100,JayzTwoCents
@cyril235100,XavierWoodsPhD
@cyril235100,AndruEdwards
@cyril235100,OnePlus_IN
@cyril235100,dbrand
@cyril235100,oneplus
@cyril235100,Moto
@cyril235100,tweethue
@cyril235100,KetoKrate
@cyril235100,JimsReviewRoom
@cyril235100,UmiCommunity
@cyril235100,igyaan
@cyril235100,FlymeGlobal
@cyril235100,C4ETech
@Dacore270,MRodOfficial
@Dacore270,cpafcpa
@Dacore270,scottsanchez
@Dacore270,starsapphire37
@Dacore270,Cvlife007
@Dacore270,CUH188
@Dacore270,rui
@Dacore270,ShowCarlosDuran
@Dacore270,noahkagan
@Dacore270,deanfwilson
@Dacore270,SeanSupplee
@dalvinius,NULL
@dearashok7,NULL
@debourg66,NULL
@dhanya,NULL
@dirty9001,NULL
@dpkkmr412,NULL
@DrDiamondfire,wehrmanm
@DrDiamondfire,JBernauer48
@DrDiamondfire,bryanalvarez
@DrDiamondfire,KayfabeSean
@DrDiamondfire,TheLouieValle
@DrDiamondfire,fullrapscallion
@DrDiamondfire,RoryGulak
@DrDiamondfire,MATTHARDYBRAND
@DrDiamondfire,OfficialPWG
@DrDiamondfire,SoloDarling
@DrDiamondfire,tdonst
@DrDiamondfire,w_nightingale_
@DrDiamondfire,ynhracejaxon
@DrDiamondfire,ColtsRoomba
@DrDiamondfire,TheBoyDiva
@DrDiamondfire,ThisCharmingDan
@DrDiamondfire,trentseven
@DrDiamondfire,_ScottHolladay
@DrDiamondfire,jawsolyn_
@DrDiamondfire,The__Whisper
@DrDiamondfire,MerlokChikara
@DrDiamondfire,TheBeeBoy
@DrDiamondfire,K9_Magnum
@DrDiamondfire,GrandmaGumbo
@DrDiamondfire,OfficerMeloni
@DrDiamondfire,TenaciousTiger6
@DrDiamondfire,nytehawk2000
@DrDiamondfire,sylverhawk2000
@DrDiamondfire,xyberhawx2000
@DrDiamondfire,razerhawk2000
@DrDiamondfire,Blitzkrieg_Pro
@DrDiamondfire,CI15Podcast
@dwreck504,Twitch
@dwreck504,apegames
@dwreck504,TECenter
@elfarissi400,MasudSardar
@elfarissi400,hasanzahra13
@ErikaFouche,NULL
@ForzaVecchia,la_patilla
@ForzaVecchia,ElTransistorOC
@ForzaVecchia,CHUVIJIMENEZ
@ForzaVecchia,moisesdramirezu
@ForzaVecchia,GregorioBlancca
@ForzaVecchia,danieIaac
@ForzaVecchia,DaveFutebol
@ForzaVecchia,jurle0710
@ForzaVecchia,Juve_Mex
@ForzaVecchia,Fedej10
@ForzaVecchia,lm_niko
@ForzaVecchia,MaxJuve3Stelle
@ForzaVecchia,Christian_Morge
@ForzaVecchia,fedebianconera9
@ForzaVecchia,juventinotdot
@fr3akr_Nid,NULL
@ganesh93kgk,NULL
@GnanamMV,NULL
@gurubalan,bala
@gurubalan,shobivarghese
@gurubalan,shobislow
@h2o_ym,NULL
@hullotherejulia,NULL
@iamsanthoshtm,ashwiniluvkpop
@iamsanthoshtm,SrBachchan
@iamsanthoshtm,MusicThaman
@iamsanthoshtm,DailyhuntApp
@iamsanthoshtm,praddy06
@iamsanthoshtm,jayam_mohanraja
@iamsanthoshtm,Arunrajakamaraj
@iamsanthoshtm,thinkmusicindia
@iamsanthoshtm,theactorvijay
@iamsanthoshtm,george_dop
@iamsanthoshtm,ActorVijayFan
@iamsanthoshtm,xiaomi
@iamsanthoshtm,XiaomiIndia
@iamsanthoshtm,karthikrajkuma
@iamsanthoshtm,KalamCenter
@iamsanthoshtm,RJ_Balaji
@iamsanthoshtm,Bharathigraja
@iamsanthoshtm,Suriya_offl
@iamsanthoshtm,ICICIBank
@iamsanthoshtm,VffVishal
@icoachp,NULL
@idealinfacts,NULL
@india_kcs,NULL
@istehsanalam,NULL
@jagadish64444,NULL
@JamesHelman987,NULL
@jenniferlturner,DrJenCR
@JoeOsagu,deeklord
@JoeOsagu,innobest3
@JoeOsagu,Jonpauloshioke
@jorjli,NULL
@juan23,sousakubott
@juan23,V_and_A
@juan23,Pompeiitouch
@juan23,NatGeo
@juan23,TheHistoryBrew
@juan23,jntribolo
@juan23,Medievalists
@juan23,Google
@juan23,bibalexproj
@juan23,ilstx_bot
@juan23,LonnyMag
@juan23,anthologymag
@juan23,designseeds
@juan23,GHIBLI_TIMES
@juan23,TokyoArtBeat_JP
@J__moneeyy,NeymarStuff
@J__moneeyy,maggiebabineaux
@J__moneeyy,ThePunisher
@J__moneeyy,amymackey16
@J__moneeyy,FCeliaB_9
@J__moneeyy,TheFunRun
@J__moneeyy,dmorey
@J__moneeyy,Faux7_Dero
@J__moneeyy,wojespn
@J__moneeyy,CP3
@J__moneeyy,finechina_xo
@J__moneeyy,FIFAcom
@J__moneeyy,amazonmturk
@J__moneeyy,cavs
@J__moneeyy,candicekp
@J__moneeyy,grantgust
@J__moneeyy,TalkingTheFlash
@J__moneeyy,Yairr_Alex
@J__moneeyy,NetflixLifee
@J__moneeyy,fabulouslyalone
@J__moneeyy,livingichigo
@J__moneeyy,LMcCullers43
@J__moneeyy,RobosRealMadrid
@J__moneeyy,DokkanBattleDE
@J__moneeyy,kidkeuchy
@J__moneeyy,AstrosOptimism2
@J__moneeyy,Crunchyroll
@J__moneeyy,Mike_Daniels76
@J__moneeyy,A_mericanMuscle
@J__moneeyy,brianmctaggart
@J__moneeyy,NICKIMINAJ
@J__moneeyy,RealJoshReddick
@J__moneeyy,TheJudge44
@J__moneeyy,ZCunningham_LB
@J__moneeyy,deshaunwatson
@J__moneeyy,FemaleRapperss
@J__moneeyy,AntoGriezmann
@J__moneeyy,NBA
@J__moneeyy,OwnagePranks
@J__moneeyy,FCBayernEN
@J__moneeyy,_LilBeans600
@J__moneeyy,MLB
@J__moneeyy,BigKoopa6
@J__moneeyy,TeamCJCorrea
@J__moneeyy,AstrosAtoZ
@J__moneeyy,Carlesale10
@J__moneeyy,MONSTATREZZ
@karthicklk,realpreityzinta
@karthicklk,actor_jayamravi
@karthicklk,AjithAnnadurai
@krystajq,renzii
@kumar2ww,NULL
@lebarr317,NULL
@Legendjb,Draftshot
@Legendjb,DraftkingsDaddy
@Legendjb,baseballobiwan
@Legendjb,JerseyKidPicks
@Legendjb,gatorpk321
@lilbitspieces,raisingwhasians
@lilbitspieces,just_callmejane
@lilbitspieces,Amazon_FBA
@Lindrohs,NULL
@livefreesocial,Carworld100
@livefreesocial,fickledata
@LuciferBlackASU,ASUMarketplace
@LuciferBlackASU,MikeTokes
@LuciferBlackASU,GotInstrumental
@LuciferBlackASU,funds_u
@LuciferBlackASU,Myluck01
@LuciferBlackASU,GanjaGirlsTweet
@LuciferBlackASU,LifeWithWeeed
@LuciferBlackASU,cannabox
@LuciferBlackASU,GAsneak
@LuciferBlackASU,ken_amagi
@LuciferBlackASU,CadeRageous
@LuciferBlackASU,9to5mac
@LuciferBlackASU,HouseDemocrats
@LuciferBlackASU,TheDemocrats
@luttrellers,NULL
@Maga_libtears,NULL
@maimorinel,ShelleyDeLeon
@maimorinel,youronlychoi
@marutibilgoji,NULL
@mbesnier,HPCSDTechDept
@mbesnier,schooldude
@mbesnier,DudeSolutions
@mbesnier,KateBlossom4
@mdichn,hellomerch
@Meenakshi,NULL
@michaeldean0116,NULL
@mmitha,NULL
@Montaberne,NULL
@mukesh815,myvogotask
@mukesh815,mustahtaba
@mukesh815,SaniaaKhaan
@muthuannamalai1,NULL
@nageshwaran,NULL
@nicki1122,NULL
@nidiamazing,jenniknapmiller
@nininaut,NULL
@Nyambura_Kiboi,nairobidesignwk
@Nyambura_Kiboi,AIESEC_Kenya
@Nyambura_Kiboi,AIESECUON
@Nyambura_Kiboi,Kenyans
@ohmyghoshroy,NULL
@pettycanoodler,TyJohnsonNews
@pettycanoodler,SimonettiLauren
@pettycanoodler,Baer_Bill
@pettycanoodler,AdamLefkoe
@pettycanoodler,JoyOnBroad
@pettycanoodler,Philly_Asshole
@pettycanoodler,ItsVinceQuinn
@pettycanoodler,PierreVLeBrun
@pettycanoodler,BarstoolTU
@pettycanoodler,ABCSharkTank
@pettycanoodler,TheSharkDaymond
@pettycanoodler,BarbaraCorcoran
@pettycanoodler,LoriGreiner
@pettycanoodler,kevinolearytv
@pettycanoodler,robertherjavec
@pettycanoodler,ToochPXP
@pettycanoodler,barstoolsports
@pettycanoodler,KingsRoadMerch
@PgsubhaG,NULL
@Pkreddy7,NULL
@poopandi,sachin_rt
@poopandi,shreyaghoshal
@poopandi,RNTata2000
@poopandi,msdhoni
@poopandi,iamsrk
@poopandi,BeingSalmanKhan
@postmonfren,Furious_blog
@postmonfren,louthehuman
@postmonfren,Bodegacats_
@postmonfren,tinynietzsche
@postmonfren,Idelectrox
@postmonfren,ifeellike
@postmonfren,iIoveflowers
@postmonfren,iIovepixels
@postmonfren,ItMeIRL
@postmonfren,ArtFeeIings
@postmonfren,ShitpostBot5000
@postmonfren,sirjoancornella
@postmonfren,youmaximalism
@postmonfren,SPIN
@postmonfren,ManUtd
@postmonfren,realmadrid
@postmonfren,acmilan
@postmonfren,sosadtoday
@postmonfren,Iohlita
@postmonfren,HiFightTH
@postmonfren,flyinglotus
@postmonfren,badbadnotgood
@postmonfren,shoryukendotcom
@postmonfren,pitchfork
@postmonfren,youminimalism
@postmonfren,YummyDumplings
@postmonfren,KyleKulinski
@postmonfren,themarsvolta
@postmonfren,CapcomFighters
@postmonfren,chillygonzales
@postmonfren,EuropaLeague
@postmonfren,ChampionsLeague
@postmonfren,mgh_txt
@postmonfren,OverwatchTXT
@postmonfren,edbangerrecords
@postmonfren,8BitPorn
@postmonfren,wrongsidexxx
@prabhu6764,NULL
@PremKumar,NULL
@prudhvi_nikku,NULL
@rajraj,NULL
@rambala,loverofRE
@rambala,SunitaChhabra
@ravikushal,NULL
@ritste20,CassiKaiser
@ritste20,BadAxLumberjill
@ritste20,neoflcn
@ritste20,DFMPro
@ritste20,TonyCox7745
@ritste20,jphillippy
@rohitku86844283,NULL
@roseyhe24081985,NULL
@rubendsvilela,pmexiaa16
@rubendsvilela,isa0ines
@rymiicon,Patience
@rymiicon,DianDee11
@rymiicon,princesscatemo
@rymiicon,KimoriWilkins
@rymiicon,Kaiko94
@sabari0600,news7tamil
@sabari0600,WayneRooney
@sabari0600,arshad_batcha
@sabari0600,Actor_Vadivelu
@sabari0600,menongautham
@salini,NULL
@sarthik99,NULL
@SelfieSpec,NULL
@sforshiva,NULL
@siva,NULL
@skopein6,SidMrIndia
@skopein6,lglcpa
@skopein6,Real_MKM
@skopein6,pepeuhardt
@skopein6,AshokChIYC
@skopein6,seagardenbodrum
@skopein6,Linuxguru11
@skopein6,kerneltalks
@skopein6,echague_martin
@skopein6,eboggler
@skott1982,NULL
@star_gazer72,JeanLeggett
@star_gazer72,sarahlochhead
@star_gazer72,jessicaduarte
@star_gazer72,guillermodiazyo
@steezkelly,_maggatron
@steezkelly,alexisg6598
@sunilkapur,NULL
@sushil_suz,NULL
@TheHotCakesD_C,WORLDSTAR
@TheHotCakesD_C,HillaryClinton
@TheHotCakesD_C,IMGmodels
@TheHotCakesD_C,21savage
@TheHotCakesD_C,GeorgeHarrison
@THtweety,NULL
@trump_life,thedonaldreddit
@tyra_duchess,AboutVirgos
@tyra_duchess,KeriHilson
@tyra_duchess,AtlantaFalcons
@tyra_duchess,WildwoodForest
@tyra_duchess,ABC11_WTVD
@tyra_duchess,WCPSS
@tyra_duchess,Willisblessed38
@tyra_duchess,caseywowmin
@Vickibetking,Alexis_Sanchez
@Vickibetking,UKenyatta
@Vickibetking,LilTunechi
@Vickibetking,chrisbrown
@Vickibetking,JuliusYegoKE
@Vickibetking,totaltippinguk
@Vickibetking,rudishadavid
@Vickibetking,KobiKihara
@Vickibetking,anto_Sialo
@Vickibetking,Tipster_Matt
@Vickibetking,FreeVIPTipster
@Vickibetking,olympicchannel
@Vickibetking,BetinKenya
@vickysethu,NULL
@vinothkrishnan,RangarajPandeyR
@vinothkrishnan,sumanthraman
@vinothkrishnan,anirudhofficial
@vinothkrishnan,SrBachchan
@vinothkrishnan,dhanushkraja
@vinothkrishnan,arrahman
@vinothkrishnan,ImVinoth
@vinothkrishnan,ebryn
@vinothkrishnan,ICC_Factoring
@wearekipre,EarnKnowledge
@wearekipre,erinjanus
@wearekipre,BumbleVeej
@wearekipre,debbie_gunning
@wearekipre,Lydia5222
@wearekipre,Make_My_Fay
@wearekipre,Mi_CastroLopes
@wearekipre,MissusSpencer
@YuliaRyabenko,NULL
@_iamZer0_,stupidusmaximus
@_iamZer0_,AllIndiaBakchod
@_iamZer0_,mojorojo
@_iamZer0_,abishmathew
@_iamZer0_,thetanmay
@_iamZer0_,KananGill
@_iamZer0_,KentMoran
@_iamZer0_,kourtneykardash
@_iamZer0_,YouTube
@_iamZer0_,selenagomez
@_iamZer0_,ladygaga
@_iamZer0_,realDonaldTrump
@_iamZer0_,realDonaldTrump
@_iamZer0_,rihanna
@_iamZer0_,taylorswift13
@_iamZer0_,BarackObama
@_iamZer0_,shahidkapoor
@_iamZer0_,RNTata2000
@_iamZer0_,SunidhiChauhan5
@_iamZer0_,AnupamPkher
@_iamZer0_,Varun_dvn
@_iamZer0_,aliaa08
@_iamZer0_,ajaydevgn
@_iamZer0_,priyankachopra
@_iamZer0_,karanjohar
@_iamZer0_,FarOutAkhtar
@_iamZer0_,aamir_khan
@_iamZer0_,juniorbachchan
@_iamZer0_,SrBachchan
@_iamZer0_,Asli_Jacqueline
@_iamZer0_,ImRaina
@_iamZer0_,aajtak
@_iamZer0_,vikramchandra
@_iamZer0_,BJP4India
@_iamZer0_,ColorsTV
@_iamZer0_,StarPlus
@_iamZer0_,TheVikasKhanna
@_iamZer0_,BeingSalmanKhan
@_iamZer0_,DabbooRatnani
@_iamZer0_,PMOIndia
@_iamZer0_,chetan_bhagat
@_klauzs_,NULL
@_rgomez_,NULL
abhaynarayan09,NULL
agiridhar107,NULL
AJITH4KYLM,NULL
ajosephstalin,NULL
Alex378,NULL
amitava_santu,nishkarshs
ammuambika130,Bidbarg
ammuambika130,solunusinc
ammuambika130,gsthelpline
ammuambika130,MystiqWorld
ammuambika130,GrewBoxOfficial
ammuambika130,tukapic
ammuambika130,RallySolution
ammuambika130,LongLiveDTG
ammuambika130,Anandsahubjp
ammuambika130,manhattanrugs
ammuambika130,xtheRG21x
ammuambika130,writing_review
ammuambika130,YoKrazyIndia
ammuambika130,DmpsHeadoffice
ammuambika130,SolutionsVowel
ammuambika130,AliElectronics0
ammuambika130,EvilLucifera
ammuambika130,SadafFayyaz
Anandmagi,SongariPs
Anandmagi,MeesevaPebbair
Anandmagi,OLX_India
Anandmagi,FTSEgm
Anandmagi,realjoshroberts
Anandmagi,TheVijayMallya
Anandmagi,Mohanlal
Anandmagi,ImRo45
Anandmagi,PMOIndia
Anandmagi,aamir_khan
Anandmagi,purijagannath
Anandmagi,realpreityzinta
Anandmagi,iHrithik
Anandmagi,BillGates
Anandmagi,arrahman
Anandmagi,imVkohli
Anandwonder0,NatashaYi
Anandwonder0,MASHMALLOWMEN
Anandwonder0,TripleRpromo937
Anandwonder0,hippojuicefilm
Anandwonder0,EOTMIntern2
Anandwonder0,MaykHouse
Anandwonder0,fblike2011
Anandwonder0,njetwork
Anandwonder0,FitzOfficial_PM
Anandwonder0,amajormedia
Anandwonder0,shaggarelli
Anandwonder0,DCD_AG
Anandwonder0,MomOutdoors
Anandwonder0,sportmetweets
Anandwonder0,freebee360
Anandwonder0,SCMediaCorp
Anandwonder0,ShittQuotes
Anandwonder0,RoyaltyFreeZone
Anandwonder0,GeldzorgenGeen
Anandwonder0,JUGGERAU
Anandwonder0,LightenApp
Anandwonder0,DaRealMurdaM4TT
Anandwonder0,negeso
Anandwonder0,askpositivephil
Anandwonder0,CharelGrimes
Anandwonder0,Darkstarz
andresv2208,UnarlisMatinez
andresv2208,Carlacarmona1
andresv2208,Daglenisarianna
andresv2208,nilimedina
andresv2208,canalesdiosa
andresv2208,OficialGuaco
andresv2208,andresiniesta8
andresv2208,Vizcarrondo4
andresv2208,M_Isa1
andresv2208,landinocarlos
animes03,Hakan_Official
animes03,matzeknop
ANIRUTH,NULL
AntonioVieiraL2,anatel_oficial
AntonioVieiraL2,tiagohenriqueTH
AntonioVieiraL2,HustyLima
AntonioVieiraL2,IslanTelerio
AntonioVieiraL2,luarahayalla
AntonioVieiraL2,erica_simone202
AntonioVieiraL2,_eldesdichado
AntonioVieiraL2,FariasCleide
AntonioVieiraL2,saidessa_viadu
AntonioVieiraL2,barbosa_day
AntonioVieiraL2,bea_raujo
AntonioVieiraL2,CKPMorais
AntonioVieiraL2,silviacris__
AntonioVieiraL2,Fabio_MeloPB
AntonioVieiraL2,Rodri_souza89
AntonioVieiraL2,Damoreira_TNE
anupamjamatia,y8o
anupamjamatia,nirmalyakar
asifithikkal,ThajuRahman
asifithikkal,waleeD3258
asifithikkal,DeVahid
asifithikkal,mushfiquemk
asifithikkal,viswajithm3
asifithikkal,SafeerMohamed5
asifithikkal,ib_ruu
asifithikkal,selvakumaras1
asifithikkal,MasroorP16
asifithikkal,Nidhinmathew123
awang1996,NULL
badvanilla,NULL
balaji,NULL
basavaraj,hasgeek
basavaraj,Harvard
basavaraj,MIT
basavaraj,MITOCW
basavaraj,edXOnline
basavaraj,khanacademy
basavaraj,popcap
basavaraj,EASPORTS
basavaraj,EAMobile
basavaraj,gameloft
basavaraj,glumobile
bhairam5067,NiallOfficial
bhairam5067,Louis_Tomlinson
bhairam5067,realmadriden
bhairam5067,coldplay
bhairam5067,HARDWELL
bhairam5067,MesutOzil1088
bharathiraja,NULL
brit_walls,NULL
candice427,NULL
carlosdmorillo,NULL
cdvsnp,NULL
cgcartel,NULL
chandramohanan,nskumar35
cheesemarmalade,darradarrabillz
chozhan_siva,NULL
copsucker,NULL
cruzwithme,MuratOzerCHP
cruzwithme,AlimliBuse_
cruzwithme,bariskoc
cruzwithme,KristinSollenne
cruzwithme,CatrionaRalph8
cruzwithme,zjmstressed
cruzwithme,Durulutweet
cruzwithme,nazan_oncel
cruzwithme,chiIItweet
cruzwithme,ibneffat
cruzwithme,alnoora_khalifa
cruzwithme,MedyaPusula
cruzwithme,omeroktaybal
cruzwithme,GalataVid
cruzwithme,samicolgecen_
cruzwithme,cinhastanesi
cruzwithme,techmovienews
cruzwithme,Betting__forum
cruzwithme,ApfoshisSelda
cruzwithme,gizem9330185
cruzwithme,Cankibeybi
cruzwithme,yazandeli
cruzwithme,ugrgvn
cruzwithme,AdamAlja1
CTAMILKUMARAN,ShaB_TwitZ
cwhitney24,NULL
Cyolism,NULL
da72fca1e1f649c,NULL
daubachsgirl23,NULL
derond1,NULL
derrikbosse,NetworkWorld
derrikbosse,CIOMagazine
derrikbosse,TheNextWeb
derrikbosse,CIOonline
derrikbosse,verge
derrikbosse,Computerworld
derrikbosse,steelcentral
derrikbosse,DIYcheckpoint
derrikbosse,TheOnion
derrikbosse,SpaceX
derrikbosse,NASA
derrikbosse,ponybirdmusic
derrikbosse,AndiMann
derrikbosse,AppDynamics
derrikbosse,WSJ
derrikbosse,innerspacesound
derrikbosse,dndrogseth
derrikbosse,stephenasmith
derrikbosse,becky_kessler
derrikbosse,Inc
derrikbosse,Entrepreneur
derrikbosse,ema_research
derrikbosse,Gizmodo
derrikbosse,IDC
derrikbosse,MuleSoft
derrikbosse,engadget
derrikbosse,TechCrunch
derrikbosse,WIRED
derrikbosse,Gartner_inc
derrikbosse,YUCATANRP
derrikbosse,AzulSystems
derrikbosse,vkpaige
derrikbosse,forrester
derrikbosse,CA_IM
derrikbosse,CAinc
derrikbosse,newrelic
derrikbosse,Dynatrace
derrikbosse,perfectomobile
derrikbosse,compuware
derrikbosse,ITCenSta
derrikbosse,ExtraHop
dev226523,NULL
dhanvarsh,srujanlokesh
dhanvarsh,NickBopanna
dhanvarsh,rameshsindoor
dhanvarsh,superstarajini
dhanvarsh,Mavericksum
dhanvarsh,prashanthmagic
dharinijeeva,NULL
diegohrnal,araaispuro
dineesh,TheAbhishekVK
dineesh,netheeng
djnobody321,PegboardNerds
djnobody321,AeroChord
djnobody321,dgoold
EBdT2,warisboring
EBdT2,LifeofFaithFC
Electroedge,themeanmugpug
Electroedge,offcanon
Electroedge,Renestance
Electroedge,ranniegonzaga_
Electroedge,ltsgrannywinkle
Electroedge,giles2604
Electroedge,ebarba7
el_charlie,NULL
EnisM4,NULL
fleekmelife,hootsuite
footeprint,yina_arenas
footeprint,MSFTMechanics
footeprint,jenlooper
footeprint,richcampbell
footeprint,DanielEgan
footeprint,SH101atFHSU
footeprint,FHSUVirtualC
footeprint,devcodecamp
footeprint,jasstephenson
footeprint,arobach
fullerspectrum,tylerthecreator
fullerspectrum,scrowder
fullerspectrum,NotGayJared
fullerspectrum,RandPaul
fullerspectrum,KptKenoli
fullerspectrum,ChrisMWolfe
fullerspectrum,BundleStars
fullerspectrum,MayorOfLA
fullerspectrum,WeWuzMetokur
fullerspectrum,SridentPSV
fullerspectrum,The_Geekthulhu
fullerspectrum,kenbone18
fullerspectrum,MoeGamer
fullerspectrum,CWCSonichu
fullerspectrum,__CASA
fullerspectrum,donallogue
fullerspectrum,terrycrews
fullerspectrum,Ggdograa
fullerspectrum,ExtraMana
fullerspectrum,IronLiz
fullerspectrum,HanAssholeSolo
fullerspectrum,Trufflemubb
fullerspectrum,GiggukAZ
fullerspectrum,TheProGamerJay
fullerspectrum,IAmSerum
fullerspectrum,Sernandoe
fullerspectrum,SuperNerdLand
fullerspectrum,sevvierose
fullerspectrum,LizzzReptile
fullerspectrum,That_Layman
fullerspectrum,totlmstr
fullerspectrum,BeigeShiba
fullerspectrum,Kempy00
fullerspectrum,PhillyD
fullerspectrum,Elf_ebooks
fullerspectrum,JimTheAPE
fullerspectrum,whitesithmale
fullerspectrum,Lonewolf031
fullerspectrum,datnofact
fullerspectrum,RektRolfe
fullerspectrum,FailureHatesYou
fullerspectrum,intanetz
fullerspectrum,Thundercat
fullerspectrum,gogreen18
fullerspectrum,MrRepzion
fullerspectrum,realbuntyking
fullerspectrum,clammyclams
fullerspectrum,LaurakBuzz
Furzana,NULL
gaurav220,sonamakapoor
gaurav220,AVANTIKAOBEROI
gking018,NULL
gunadhoni,NULL
harivarath,NULL
hemavathi,pradeepr25
HighCreatureCR,NULL
iam_spr,NULL
imhusain98,NULL
Im_A_Hot_Nerd,NULL
inyrarms89,RoanokeSchools
itsmecrazyhead,Redprice_50
JamesHelman987,whereslloyd
JamesHelman987,garyvee
JamesHelman987,tailopez
JamesHelman987,Beer_Disciples
JamesHelman987,goodhealth
JamesHelman987,VertoSmartPanel
JamesHelman987,MensHealthMag
JamesHelman987,Yoga_Journal
JamesHelman987,DailyBeerNews
JamesHelman987,Thrillist
JamesHelman987,Gurrett
JamesHelman987,MensFitness
jennyliann,NULL
jkobabo,NULL
JohnEast1,NULL
josephkurianm,NULL
KATHEREN,NULL
kavi7927,NULL
kittylifevlogs,NULL
kmanojkumar8,NULL
KMKARTHICK,johnhastings194
KMKARTHICK,bradhodge007
KMKARTHICK,britneyspears
KMKARTHICK,Actresskajal
KMKARTHICK,sreesanth36
KMKARTHICK,eshagupta2811
KMKARTHICK,taapsee
KMKARTHICK,KarthikaNair9
KMKARTHICK,ParvathyO_1303
KMKARTHICK,iamlakshmirai
KMKARTHICK,SamanthaPrabuFC
KMKARTHICK,sachin_rt
ktnblu,NULL
Lasrion,NULL
LazyyFrog,NULL
lfridlander,NULL
Liladhar,NULL
Lizasemm,ricky_sanchez18
Lizasemm,slicedfruit
Lizasemm,dvanderblue
Lizasemm,mikewaldron115
Lizasemm,jwhiteside11
Lizasemm,madburress
Lizasemm,Im_Cullinan
Lizasemm,jakesohigian
Lizasemm,zachtrippodo
Lizasemm,bee_boardman
Lizasemm,ktsulls_
Lizasemm,SophiaAnneford
Lizasemm,nataliebruno
Lizasemm,WestSide_do_die
Lizasemm,amandaobrienn
Lizasemm,Mitch_Wykoff
Lizasemm,toriguasco
Lizasemm,alicenelsonn
Lizasemm,elliekreitlerr
Lizasemm,Vonjvb10
loguvino,TimoninLive
loguvino,MarselMunasipov
loguvino,kazedukz
loguvino,villanuovo
loguvino,fashionshopspb
loguvino,Rx24ru
loguvino,vikramkarve
loguvino,kasimov_d_n
loguvino,keylee0828
loguvino,lazurit4114
loguvino,goal24online
loguvino,tk_rustrans
loguvino,rogsogeabfiopro
loguvino,vadimoganesov
loguvino,Joker__6
loguvino,TimMaxvell
loguvino,yablonskytv
loguvino,InvisibleNPink
loguvino,autohelp100
loguvino,IdaLeandro
loguvino,marseleus
loguvino,Anapa_Max
loguvino,IlyaZhinko
loguvino,webnewsmedianet
loguvino,AS_askhab
loguvino,iwiki_su
loguvino,zloysh
loguvino,transformer1244
loguvino,multivarkabest
loguvino,TsEvgeniy
loguvino,Diana_REGION_03
lovegotbangtan,NULL
luolive007yahoo,IvankaTrump
luolive007yahoo,Adele
luolive007yahoo,akankshamzit
luolive007yahoo,AlexandraSocial
luolive007yahoo,Zoosk
luolive007yahoo,oliviawilde
luolive007yahoo,minkakelly
luolive007yahoo,SamuelLJackson
luolive007yahoo,GiltMAN
luolive007yahoo,ArianaGrande
luolive007yahoo,VanessaHudgens
luolive007yahoo,KendallJenner
lupethe3,KimKardashian
lupethe3,typicalgirIs
lupethe3,wizkhalifa
lupethe3,LilTunechi
lupethe3,JonathanQuick32
lupethe3,AnzeKopitar
Madhonna,MichaelDell
majax16,NULL
manasa,NULL
manivannangs,seenuramasamy
manivannangs,VetriMaaran
manivannangs,24AMSTUDIOS
manivannangs,prakashraaj
manivannangs,ihansika
manivannangs,priyamani6
manivannangs,Charmmeofficial
manivannangs,NikeshaPatel
manivannangs,shanvisrivastav
manivannangs,adah_sharma
manivannangs,Cinemainmygenes
manivannangs,kriti_official
manivannangs,pranitasubhash
manivannangs,ReginaCassandra
manivannangs,prabhu_sr
manivannangs,StudioGreen2
manivannangs,pandiraj_dir
manivannangs,Rakulpreet
manivannangs,vijaymilton
manivannangs,shriya1109
manivannangs,anandshank
manivannangs,theVcreations
manivannangs,beemji
manivannangs,tamannaahspeaks
manivannangs,karthiksubbaraj
manivannangs,taapsee
manivannangs,iam_SJSuryah
manivannangs,MusicThaman
manivannangs,actorkaruna
manivannangs,Atharvaamurali
manivannangs,SaiDhanshika
manivannangs,Vedhika4u
manivannangs,iamlakshmirai
manivannangs,varusarath
manivannangs,realsarathkumar
manivannangs,soundaryaarajni
manivannangs,Amala_ams
manivannangs,ash_r_dhanush
manivannangs,Prasanna_actor
manivannangs,Sibi_Sathyaraj
manivannangs,sachin_rt
manivannangs,imVkohli
manivannangs,virendersehwag
manivannangs,SrBachchan
manivannangs,imKBRshanthnu
manivannangs,iHrithik
manivannangs,DipaKarmakar
manivannangs,akshaykumar
manivannangs,iamvishnuvishal
manivannangs,Premgiamaren
mario0318,Numberer_1
mario0318,EpicFaceFist
mario0318,QEHLImonkey
mario0318,mrbobodenkirk
mario0318,AvidyaZEN
mario0318,oceanquigley
mario0318,joerogan
mario0318,LeahRemini
mario0318,psychicpebble
MattLem_,NULL
maybeyourneed,NULL
mayur,NULL
medianet_online,NULL
misba,NULL
mmitha,NULL
moretolife__,NULL
mrtell13,NULL
msvickitori,NULL
mutantdays,NULL
mytamilpeople,NULL
naga,NULL
nagarajan,mikenewkirk
nagarajan,SquawkCNBC
nagarajan,jimcramer
nagarajan,SquawkStreet
nagarajan,rmf_cpas
nagarajan,Scobleizer
nagarajan,GinoBaltazar
nagarajan,shamG18
nagarajan,VP
nagarajan,DrMoopen
nagarajan,BillNye
nagarajan,Actor_Siddharth
nagarajan,sciam
nagarajan,jk_rowling
nagarajan,ChaseM15
nagarajan,alltechasianews
NalinW3,NicHubin
NalinW3,kaarleiggh4
NalinW3,Eliok5
NalinW3,emma_rae__
NalinW3,alannah_clairee
NalinW3,BrettB371
NalinW3,fakeleahfacts
NalinW3,jessslemke
NalinW3,solhaLee
NalinW3,jesschaps
NalinW3,sammy_busch
nanfield16,NULL
nethra,sailu
nevervoid,NULL
nikith_yadav,AngeePT
nikith_yadav,ebuyprocure
nikith_yadav,aaravaarika
nikith_yadav,TheBrannOGram
noirearrow,FourRowdyBirbs
noirearrow,GLzine
noirearrow,realrobbell
noirearrow,UnvirtuousAbbey
noirearrow,LoudShouting
noirearrow,TeamWhittaker
noirearrow,bbcdoctorwho
noirearrow,swear_who
noirearrow,DrWhoOnline
noirearrow,thetimeladies_
noirearrow,The_CR_Office
noirearrow,mhaasvines
noirearrow,oocanime
noirearrow,sailorgif
noirearrow,DrWhoWatch
noirearrow,GailSimone
noirearrow,rt_ur_ochako
noirearrow,myanimelist
noirearrow,bandori_updates
nrprajeesh,NULL
NULL,NULL
ocumarereal,palindromica
ocumarereal,Heberlizeth
ocumarereal,PableOstos
omana,NULL
omprakash,stevenjoseph
palanikumar,NULL
parloinglese,alphastlouis
paul4prem,madhansky
PerfectVignesh8,NULL
plorable,NULL
popculturespot,shoporg
popculturespot,licensingexpo
popculturespot,Brandweek
popculturespot,PPWToys
popculturespot,vandorllc
popculturespot,PsPrint
popculturespot,LicensingBook
popculturespot,BrickStix
popculturespot,TheMindyProject
popculturespot,PlanetRetailRNG
popculturespot,NRFnews
popculturespot,toysmithtoys
popculturespot,NPWgifts
popculturespot,justmustard
popculturespot,retailwire
popculturespot,bifbangpow
popculturespot,DiverseMkting
popculturespot,NMRDistribution
popculturespot,Halloween_Assoc
popculturespot,ASTRAToy
popculturespot,Twitter
popculturespot,toysnplaythings
popculturespot,TheToyAssoc
popculturespot,FunNovelties
popculturespot,ToyNewsOnline
popculturespot,LVSouvenirShow
popculturespot,RINOVELTY
popculturespot,LeasePlanUSA
popculturespot,atljapanfest
popculturespot,smokymtngift
popculturespot,DontPayFull
popculturespot,SimonsStamps
popculturespot,ECarsReport
popculturespot,pluginamerica
popculturespot,ImagineByRubies
popculturespot,USPSstamps
popculturespot,EcommerceBytes
popculturespot,theHPE
popculturespot,ChargedEVs
popculturespot,RubiesCostumeCo
popculturespot,giftshopmag
prakritiaryan,NULL
praveen,NULL
prempujariji,bacoto
prempujariji,Ecashadvance
prempujariji,CarecaNuncamais
prempujariji,Jobs_in_Ottawa
prempujariji,RewardingWays
prempujariji,stinder
prempujariji,soniatakur21
prempujariji,dziendobre
prempujariji,wildwildapache
prempujariji,isoniaslay
prempujariji,ImAuSm
prempujariji,sonia_singh23
prempujariji,wethinkfast
prempujariji,lllsonialll
prempujariji,PawPosse
prempujariji,soniawings
prempujariji,soniandtv
prempujariji,soniasingh1
prempujariji,sonya_singh
prempujariji,sonyasingh
prempujariji,Sonya4life83
prempujariji,SonyaManu
prempujariji,sonyabsingh
prempujariji,shoniasingh
prempujariji,sonyasingh07
prempujariji,KrisReyes
prempujariji,biggestlosernbc
prempujariji,Biggest_Loser
prempujariji,GetALifeLoser
prempujariji,get_a_life
prempujariji,beoffline
prempujariji,getalife1
prempujariji,GETALIFE
prempujariji,Jobs_Ottawa
PRESANT,chadfowler
PRESANT,derekfisher
PRESANT,woot
PRESANT,matisyahu
PRESANT,CindyCrawford
PRESANT,mikeyk
PRESANT,goodhealth
PRESANT,Acumen
PRESANT,DavidSpade
PRESANT,tinch
PRESANT,TravieMcCoy
PRESANT,arjanelfassed
PRESANT,rk
PRESANT,LIFE
PRESANT,mutgoff
PRESANT,delbius
PRESANT,mindykaling
PRESANT,RyanSeacrest
PRESANT,wwd
prikutty,NULL
priyamblue6,notfunnei
quackyscience,NULL
RAJA31193,dinathanthi
RAJA31193,TheSunainaa
RAJA31193,KajolAtUN
RAJA31193,PriyaAnand
RAJA31193,divyaspandana
RAJA31193,shreyaghoshal
RAJA31193,ThalaRubesh
RAJA31193,priyamani6
RAJA31193,BalaMur45211343
RAJA31193,akshaykumar
RAJA31193,BarackObama
RAJA31193,SrBachchan
RAJA31193,iHrithik
RAJA31193,priyankachopra
ramraju5067,iambohemia
ramraju5067,kingaliasgar
ramraju5067,karanjohar
ramraju5067,SonamKapoorFC
ramraju5067,KareenaMania
ramraju5067,ARMurugadoss
ramraju5067,aditiraohydari
ramraju5067,RPSupergiants
ramraju5067,9XOIndia
ramraju5067,omthanvi
ramraju5067,itimestweets
ramraju5067,Louis_Tomlinson
ramraju5067,msdhoni7781
ramraju5067,MartinGarrix
ramraju5067,emraanhashmi
ramraju5067,ConanOBrien
ramraju5067,MesutOzil1088
ramraju5067,chetrisunil11
RanjnaJothi,NULL
RAVIKUMAR,NULL
rehan09,saimamohd
renu,NULL
rishabh_ags,NULL
roxxie_roxxie,NULL
RY5214584,NULL
sahibzada077,NULL
salini,stephensant
Sandynibbles,NULL
SaraNel55891139,NULL
SARATH,NULL
SeanCMNJ,NULL
sekhar,saikrrish008
sekhar,endeavorinfosof
sekhar,kennekai
sekhar,IKO8th
sekhar,AnsaryZunaid
sekhar,Wandazwandaz
sekhar,vickneswarensb
sekhar,BReYwh
sekhar,Madhu_law
sekhar,ranjithapillai
sekhar,christineBAPM
sekhar,girisbab
sekhar,vineetdogra
sekhar,manaseeg
sekhar,RajivGupta11
sekhar,Ramvij
sekhar,sridhar1965
shanmugavadivel,NULL
shijudas,NULL
ShilpaNagin,NULL
shivgyan,NULL
SinghVishalRana,NULL
sirireddy1711,TeachForIndia
sirireddy1711,hvgoenka
sirireddy1711,MirzaSania
sirireddy1711,ndtv
SirRoxas,NULL
siva1890,KannanD
siva1890,abhilash7890
skopein6,sociablemichael
skopein6,content_maniacs
SNAREN,forbes_india
SNAREN,vdcosta_d
SNAREN,IndianExpress
SNAREN,Dev_Fadnavis
SNAREN,BBCBreaking
SNAREN,Aneer1244
SNAREN,Imdhuruv
SNAREN,puratasi
SNAREN,swapan55
SNAREN,Swamy39
spandey896,NULL
sparoc3,NULL
spidermanda,NULL
spiritualsirene,cfm_miku_en
spiritualsirene,GoodSmile_US
spiritualsirene,NendoStories
spiritualsirene,SideM_Eng
spiritualsirene,deresutelines
spiritualsirene,bang_dream_gbp
spiritualsirene,bang_dream_info
spiritualsirene,BandoriParty
sriks6,adah_sharma
sriks6,gvprakash
sriks6,TelanganaCMO
sriks6,SGanguly99
sriks6,purijagan
sriks6,bhogleharsha
sriks6,urstrulyMahesh
sriks6,sanjaymanjrekar
sriks6,KeerthyOfficial
sriks6,iambohemia
sriks6,NargisFakhri
sriks6,Asli_Jacqueline
sriks6,ThisIsDSP
sriks6,Siva_Kartikeyan
sriks6,BCCI
sriks6,KTRTRS
sriks6,iamnagarjuna
SrinivasPykl,varunsingh_ms
SrinivasPykl,adityasree
steezkelly,NULL
studmax,nickrp
studmax,JarridWilson
studmax,Warren_Kole
studmax,ryancarson
studmax,treehouse
sushilarya0107,M_Lekhi
tanuarja253,NULL
taraduveanu,NULL
tayyabnazir,KhawajaMAsif
tayyabnazir,anaulhaq
tayyabnazir,HafeezAmjad3
tayyabnazir,Aadiiroy
tayyabnazir,MohsinHijazee
tayyabnazir,mahobili
tayyabnazir,SillyTiddy
techbizgurl,IsabelleWoodrow
techbizgurl,PackedwPurpose
techbizgurl,CharacTour
techbizgurl,Maryismaryisms
techbizgurl,LBrebs26
techbizgurl,haleyhebert
techbizgurl,vedakonduru
THALARUBESH,NULL
Theeiffel64,NULL
themadbastage,AndrewGillum
themadbastage,james_weinert
themadbastage,elBojo47
themadbastage,54321_Ben
themadbastage,mysticalpha
themadbastage,nickconfalone
themadbastage,KSheridanVoice
thodupuzha023,NULL
tintu,petosagan
tintu,Roozlee
tintu,mountainduckapp
tintu,AppleMusic
tintu,daniellloyd1
tintu,sinnyimac
tintu,bigbangtheory
tintu,metaebene
tintu,Twilight1967
tintu,Haitianstar
tintu,Schmidtlepp
tintu,12ramkumar
tintu,Kofmehl
tintu,hukl
tintu,getimapp
tintu,me_nsfw
tintu,chaosupdates
tintu,bundesradio
tintu,collectdweb
tintu,wauland
tintu,uploadmag
tintu,Jilion
tintu,_monkeybot
tintu,tanith
Tirtha,NULL
tkomarniski,NULL
tobuvino,NULL
Trickster_Mode,NULL
TTymeLadyCoutur,NULL
usernameisarun,deepikapadukone
usernameisarun,ARMurugadoss
usernameisarun,SrBachchan
usernameisarun,Atharvaamurali
usernameisarun,srushtiDange
usernameisarun,itisprashanth
usernameisarun,gvprakash
usernameisarun,Nakkhul_Jaidev
usernameisarun,BeingSalmanKhan
usernameisarun,sooriofficial
usernameisarun,ikamalhaasan
usernameisarun,RanaDaggubati
usernameisarun,Samanthaprabhu2
usernameisarun,Amala_ams
usernameisarun,arrahman
usernameisarun,Actor_Vivek
usernameisarun,Swamy39
usernameisezhil,Siva_Kartikeyan
usernameisezhil,tipsofficial
usernameisezhil,sooriofficial
usernameisezhil,dhanushkraja
usernameisezhil,Naveen_Odisha
usernameisezhil,thekiranbedi
usernameisezhil,KollyBuzz
usernameisezhil,ramyavj
usernameisezhil,yrf
usernameisezhil,iSharryMann
usernameisezhil,RealHughJackman
usernameisezhil,ShashiTharoor
usernameisezhil,anirudhofficial
usernameisezhil,itisprashanth
usernameisezhil,IamAmrinderGill
usernameismano,yadavtejashwi
usernameismano,KicchaSudeep
usernameismano,Samanthaprabhu2
usernameismano,KareenaOnline
usernameismano,taran_adarsh
usernameismano,ZeeNewsHindi
usernameismano,S1dharthM
usernameismano,mkstalin
usernameismano,mohan_manjima
usernameismano,KatKaifDaily
USERNAMEISRAJ,JimCameron
USERNAMEISRAJ,DalaiLama
USERNAMEISRAJ,arrahman
USERNAMEISRAJ,virendersehwag
USERNAMEISRAJ,resulp
usernameisraja,sidchandekar
usernameisraja,Nawazuddin_S
usernameisraja,VKohli_FC
usernameisraja,RonitBoseRoy
usernameisraja,Calcutta_Times
usernameisraja,NakuulMehta
usernameisraja,NSaina
usernameisraja,homiadajania
usernameisraja,StarPlus
usernameisraja,Shehla_Rashid
usernameisraja,RickshaRani
usernameisraja,RK1610IsMe
usernameisraja,iambohemia
usernameisraja,Saavn
usernameisraja,DuttYogi
usernameisraja,TheHockeyIndia
usernameisraja,sanjivbhatt
usernameisraja,RPSupergiants
usernameisveena,santoshsivan
usernameisveena,Calcutta_Times
usernameisveena,RJ_Balaji
usernameisveena,Actor_Vivek
usernameisveena,TellyTalkIndia
usernameisveena,Virat_Official
usernameisveena,anirudhofficial
usernameisveena,virendersehwag
usernameisveena,VavvetiUsha
usernameisveena,Hungama_com
usernameisveena,dulQuer
usernameisveena,gurruchoudhary
usernameisveena,Kabirduhansingh
usernameisveena,OnlyKollywood
usernameisveena,KollyBuzz
vaanamkarthik,ihansika
vaanamkarthik,actor_jayamravi
vaanamkarthik,taapsee
vaanamkarthik,Samanthaprabhu2
vaanamkarthik,Actor_SimbuFC
vaanamkarthik,dinesh93
vaanamkarthik,karthik94
vaanamkarthik,SimsKarthick
vaanamkarthik,arrahman
vaanamkarthik,richyricha
vaanamkarthik,trishtrashers
VENKAT,majuck
VENKAT,DumbbellsnDrama
VENKAT,marianadahan
VENKAT,drfeifei
VENKAT,republic
VENKAT,beingtomm
VENKAT,JeffBezos
VENKAT,dr_josiah
VENKAT,vmjavabook
VENKAT,KevlinHenney
VENKAT,BigNitin
VENKAT,Storyville
VENKAT,mhink1103
VENKAT,Right2niru
VENKAT,veera_c
VENKAT,sarjun
VENKAT,neilghosh
VENKAT,ragneel
VENKAT,iyera
VENKAT,ashwinravi99
VENKAT,dramitkumaar
VENKAT,sramanan
VENKAT,csagina
VENKAT,teemus
VENKAT,javaclimber
VENKAT,steveonjava
VENKAT,mgpln
VENKAT,bjgindia
VENKAT,ankitchhajer
VENKAT,najdorfchandar
VENKAT,mayurdharod
VENKAT,sreenath4
VENKAT,christyconfetti
VENKAT,thiru_think
VENKAT,pvsmaruthi
VENKAT,buyya
VENKAT,aditya_rao
VENKAT,geldmann281
VENKAT,rprashanth
VENKAT,timdexter
VENKAT,narmadatravels
VENKAT,ravishankarurp
VENKAT,rajagopalm
VENKAT,mailforsri
VENKAT,tarunvignesh
VENKAT,venkyn
VENKAT,shashishekhar
vijay19935,NULL
villuvinoth,vinothgopi
villuvinoth,wikivinoth
villuvinoth,Thalapathy_Film
villuvinoth,asinonline
villuvinoth,asin_thottumkal
villuvinoth,DhanushOnline
villuvinoth,Actor_Vijay
villuvinoth,JohnCena
vinitha,NULL
vinoth89,Gaurav23392698
vinoth89,priyenkadevi
vinoth89,sagunthalatuto
vinoth89,iamsrk
vinoth89,SrBachchan
vinoth89,aarthy1012
vinoth89,hemasarathi
vinoth89,SusmithaVagolu
vinoth89,vanthanaps
vinoth89,haridhina
vinoth89,lasyacool
vinoth89,imVkohli
vinoth89,santhiyapalani
vinoth89,PRIYARAJESH4
vinoth89,prameena_sr
vinoth89,ponpandin
vinoth89,Anitatvl
vinoth89,Sathishraj_IITG
vinoth89,viogil_14
vinoth89,Dfordhivya
vinoth89,RameshSD
vinuvpnair,NULL
VitalityAF,AnthonyZ1O
VitalityAF,Thebuddha_3
VitalityAF,SeattleRayne
vivek89,usopen
vivek89,rogerfederer
vivek89,GameOfThrones
xaamraat,NULL
xDaniRae,NULL
_JakeRoy_,NULL
