karthick,karthic05619270
karthick,uthramoni
karthick,winsandar2
karthick,MageshKrishnan4
karthick,Rbaranikumar30
karthick,karthicknl69
robozear,NULL
9eleven85,denissebaybe
9eleven85,alexandruh26
@143crossmyheart,healingkind
@143crossmyheart,Nananish44
@143crossmyheart,CarlotaFrances7
@143crossmyheart,landpnish
@143crossmyheart,UrbanRedneck69
@90amit90ghosh90,Sura_Chat
@90amit90ghosh90,hiphophopper
@90amit90ghosh90,indranath_s
@90amit90ghosh90,rahulrarahulsha
@90amit90ghosh90,arunasish21
@90amit90ghosh90,Todo_Barcelona
@90amit90ghosh90,RahulSIDSingh
@90amit90ghosh90,mrajoria06
@90amit90ghosh90,Sulavagarwal
@90amit90ghosh90,IRajeshKumarRoy
@90amit90ghosh90,soumiky2k7
@90amit90ghosh90,arymslg
@90amit90ghosh90,shambhu1979
@90amit90ghosh90,rintubanerjee00
@90amit90ghosh90,himadri98
@93JD9612,NULL
@AcadieCyclist,NULL
@Aceandstuff,Thatlumpydude
@adexanthony ,CsharpCorner
@adexanthony ,RodrigoRivasPH
@adexanthony ,luckiegirll
@ajithbabuts,76eab63e81e4498
@ajithbabuts,microokarthi
@ajithbabuts,Imsankar77
@ajithbabuts,carthikvinay1
@ajithbabuts,meensmini
@ajithbabuts,kummsg
@ajithbabuts,SuryaAjaykumar
@ajmaltpm,NULL
@Alex378,NULL
@Alexis_Paolucci,NULL
@alexlauter_,NULL
@allofthelocks,NULL
@alphiale,NULL
@alstew2000,careymae
@Amal_M_Siby,NULL
@anevoso11,NULL
@Angelinaqueen22,Vijay_Shanthi
@anjali1990_in,Digital_Network
@ArUN,NULL
@arun_junai6575,NULL
@asvmegh,NULL
@Az1an_g33k,NULL
@BalaJi,NULL
@barribronston,NULL
@beehemms,NULL
@Bharath_R_Shet,NULL
@bhicks2220,Dekirkland06
@bisuguha,ekushya
@bisuguha,minehaq
@bisuguha,nhockhotimai
@bisuguha,DadaDada786
@Blarsennn,NULL
@Bnuldun,NULL
@bookitwithubam,NULL
@Bradley502sc,BarbaraAnnC77
@Bradley502sc,CrawfordsCreate
@brandycat1969,NULL
@buffygetz,NULL
@bugsaregross,NULL
@CANDICE427,NULL
@chargers1813,NULL
@chatwcaitlin,NULL
@chevy_chick95,NULL
@ChhunHornH,NULL
@chiefin785,NULL
@chromebluesky,ferrousxy
@chromebluesky,armada_clock
@courtneyykay,Skyboo16
@cpslo,NULL
@cyril235100,NULL
@Dacore270,NULL
@dalvinius,NULL
@dearashok7,NULL
@debourg66,lenedebourg
@debourg66,jaco_0204
@debourg66,paulinedeb
@debourg66,silvanadebourg
@debourg66,Lily_RD_94
@debourg66,Madebourg
@debourg66,ErnestDebourg
@denise987,The_Jewbagel
@dhanya,NULL
@dirty9001,SeabiscuitEve
@dominawarbux,NULL
@dpkkmr412,rpbuddhist
@DrDiamondfire,NULL
@dwreck504,NULL
@elfarissi400,AHMEDELFARISSI5
@ErikaFouche,NULL
@ForzaVecchia,CarlosJLozano
@ForzaVecchia,morales_diegoan
@ForzaVecchia,Nathali_Rdgz
@ForzaVecchia,JeanFCuadrado
@ForzaVecchia,charleeortiz
@ForzaVecchia,Mario_Mendoza_M
@ForzaVecchia,JuveAddict1
@ForzaVecchia,juanaco11478405
@ForzaVecchia,JuventusSLV
@ForzaVecchia,JudyRudas
@ForzaVecchia,cesargarzonj
@ForzaVecchia,WalterMazzantti
@ForzaVecchia,TrosseroMati
@ForzaVecchia,jalbay1978
@ForzaVecchia,giuseppemicco
@ForzaVecchia,JuliEsqquivel__
@ForzaVecchia,carlesoler
@ForzaVecchia,sousa_martinez
@ForzaVecchia,erpp06
@ForzaVecchia,MMariotosches75
@ForzaVecchia,Juve97Fr
@ForzaVecchia,JhassielV
@ForzaVecchia,YubilethRodrgu1
@ForzaVecchia,Dilan102031
@ForzaVecchia,fedebianconera9
@ForzaVecchia,MisterDato2017
@ForzaVecchia,GianniPisano4
@fr3akr_Nid,FestuSam
@fr3akr_Nid,Libin_Tweeeetz
@ganesh93kgk,NULL
@GnanamMV,018bee53c621443
@GnanamMV,MgMurugesh4u
@GnanamMV,nirmaldurai1
@GnanamMV,murugesanguru
@GnanamMV,MGMurugesh0
@gunavijayfan,NULL
@gurubalan,4289df7abecc47d
@gurubalan,vibin_2050
@gurubalan,krishkp89
@gurubalan,pra666bhu
@h2o_ym,paulosantos1989
@iambyanjankar,NULL
@iamsanthoshtm,imganesh0A4
@iamsanthoshtm,harsudhanath
@iamsanthoshtm,lahoristandard
@iamsanthoshtm,H20_aadi
@iamsanthoshtm,KG_Vigraanth
@iamsanthoshtm,vishtanN007
@iamsanthoshtm,Rhishikishore
@iamsanthoshtm,JillaSathees
@iamsanthoshtm,harmesh_makwana
@iamsanthoshtm,dineshrando
@iamsanthoshtm,shortsuresh
@iamsanthoshtm,uspremanand
@iamsanthoshtm,BalaBaalz
@iamsrk,NULL
@icoachp,NULL
@idealinfacts,NULL
@india_kcs,3981e063cb61499
@istehsanalam,NULL
@JamesHelman987,NULL
@JoeOsagu,NULL
@jorjli,NULL
@juan23,illust_base
@juan23,zoraida_zz
@juan23,BotMasusin
@juan23,Maryluchyspa
@juan23,LeineLeinipinto
@juan23,Curious_planet
@juan23,Rosamerlenio
@juan23,zayarminkyaing
@juan23,xenosaword_bot
@juan23,eyzuct
@juan23,marrigemeigen
@juan23,JosejuliobJ
@J__moneeyy,NULL
@KarThI,ARUN84196121
@KarThI,ms_mia97
@KarThI,MalolanM
@KarThI,Kandee30gmailc1
@KarThI,ThivekaKaran
@KarThI,muffrih99
@KarThI,JASJATH
@KarThI,Jaguaraja55
@KarThI,anilajgd
@KarThI,vinukarthi4
@KarThI,Raj8928
@KarThI,ThalaMa71107623
@KarThI,knkartik7
@KarThI,b9b0d73aeaf043d
@KarThI,karthik2851991
@KarThI,NaviinSurya
@KarThI,dae_selvakumar
@KarThI,AntonyDanieal
@KarThI,pselvan4747
@KarThI,saravana7251
@KarThI,siva232425
@KarThI,rg_oceanic1957
@karthicklk,NULL
@kenneth_mcfly,NULL
@kristenanne,NULL
@krobbi,NULL
@krystajq,owenclaudiajoh1
@lebarr317,NULL
@Legendjb,NULL
@LidaNadjar1,NadjarY
@lilbitspieces,NULL
@Lindrohs,ignaciomanriqu6
@livefreesocial,NULL
@LuciferBlackASU,shelbyangela69
@luttrellers,NULL
@Maga_libtears,NULL
@maimorinel,NULL
@MANICK005,NULL
@MARANLEO,smartdeeban
@marutibilgoji,NULL
@mbesnier,divalarad
@mbesnier,jtcapods
@mbesnier,BrookeBesnier
@mbesnier,tony070792
@mdichn,NULL
@Meenakshi,NULL
@michaeldean0116,NULL
@mmitha,NULL
@mohul,NULL
@Montaberne,NULL
@mukesh815,NULL
@muthuannamalai1,sabari0600
@nageshwaran,NULL
@nicki1122,5soshoodzilla
@nicki1122,gmass927
@nidiamazing,stormninja4
@nininaut,NULL
@ohmyghoshroy,NULL
@oviya,Tamilar58969134
@oviya,IreneMathavan
@oviya,CrazzNiru
@oviya,vinothal1
@oviya,SajinRuba
@oviya,Hemalatha6188
@oviya,sudhaka88782702
@oviya,Sathisw47260335
@oviya,Suren64849974
@oviya,MohamedHisbull3
@oviya,riyana3468
@oviya,_Ashwin_Ashwin_
@oviya,Augusti62225210
@oviya,KAnresan
@oviya,Divya66337609
@oviya,SelvaKu66328947
@oviya,EhasaanAslam
@oviya,zakrias_l
@pabithasri5,NULL
@Pavithra,GunaT10
@Pavithra,PandiRajaM
@Pavithra,Raja49760323
@Pavithra,Mr18011
@Pavithra,DhanushVel11
@Pavithra,NatrajKumar10
@Pavithra,p765512
@pettycanoodler,Empathy_For_All
@pettycanoodler,tpt2191961
@pettycanoodler,tpt920
@pettycanoodler,jimadair3
@pettycanoodler,Robertp04349177
@pettycanoodler,Aido1895
@pettycanoodler,jerrytheazzman
@pettycanoodler,micecx
@pettycanoodler,conker143
@pettycanoodler,heymaniceshot
@piperlaurae,jmbhggo
@Pkreddy7,NULL
@postmonfren,NULL
@prabhu6764,NULL
@PremKumar,NULL
@princessthithi,kostaspapafilis
@princessthithi,anastasiatoul
@princessthithi,GiorgosDM17
@princessthithi,FanourakisMinas
@rajraj,rowantrollope
@rambala,NULL
@ravikushal,diyaakanna
@ravikushal,DILILKUMAR
@reapover,NULL
@ritste20,KrisKritter
@ritste20,chris_ritter
@rohitku86844283,NULL
@roseyhe24081985,NULL
@rubendsvilela,LostArchie
@rymiicon,NULL
@sabari0600,NULL
@salini,NULL
@Santhosh,ABDUJAWAD1
@Santhosh,Santhos05830649
@SelfieSpec,NULL
@sforshiva,NULL
@siva,NULL
@skopein6,MominaGirl
@skott1982,NULL
@star_gazer72,NULL
@steezkelly,NenaDurant
@sunilkapur,NULL
@sushil_suz,NULL
@TheHotCakesD_C,NULL
@THtweety,trenton106
@trump_life,NULL
@tyra_duchess,NULL
@Vickibetking,honest_reviewz
@Vickibetking,imperiumracing
@Vickibetking,Puntersbets
@Vickibetking,PrezzoSoitah
@Vickibetking,howtoredneck
@Vickibetking,dmwirariaa
@Vickibetking,luke_sofinance
@Vickibetking,kevinsang11
@Vickibetking,AwourPaskalia
@Vickibetking,CS__Tips
@Vickibetking,chemjorjepkemoi
@Vickibetking,ekodydda01
@vickysethu,NULL
@vinothkrishnan,NULL
@wearekipre,iamwhu
@YuliaRyabenko,NULL
@yuvaraj471,NULL
@_iamZer0_,authordurgesh
@_klauzs_,NULL
@_rgomez_,NULL
abhaynarayan09,NULL
agiridhar107,NULL
AJITH4KYLM,NULL
ajosephstalin,RajeshAdv2233
albertico1969,Ingant1
albertico1969,torresmiguel12
albertico1969,Mercedes_Lopez
albertico1969,vaneparilli
albertico1969,consuelin41
Alex378,NULL
amitava_santu,NULL
ammuambika130,NULL
Anandmagi,grkreddy46
Anandwonder0,ssadam56
Anandwonder0,satishmasila
Anandwonder0,DejongMarina
Anandwonder0,anita26verma
Anbarasan,nivas_sk
Anbarasan,Anbaras19197421
andresv2208,NULL
animes03,NULL
ANIRUTH,_haaroun
ANIRUTH,livech7
ANIRUTH,sakthivelks3323
ANIRUTH,Brightpraveen
ANIRUTH,GobiKing2
ANIRUTH,MohanM98114230
ANIRUTH,Sathishelango21
ANIRUTH,shivathamizh420
ANIRUTH,7ed08ca2a643411
ANIRUTH,Factorvijay3
ANIRUTH,Thirunavkkaras3
ANIRUTH,surendarsura31
ANIRUTH,ddhana09
ANIRUTH,rajkuma21057352
ANIRUTH,arjun_microsoft
ANIRUTH,anitasen10
ANIRUTH,VikneshicekingM
ANIRUTH,aghar_w
ANIRUTH,Ashokdanush3
AntonioVieiraL2,CrisVasconcell2
AntonioVieiraL2,Fabio_MeloPB
AntonioVieiraL2,alves_ramoniele
AntonioVieiraL2,jpmnascimento
AntonioVieiraL2,SFirmino69
AntonioVieiraL2,81ffnacional
AntonioVieiraL2,JoseIvanDiniz
AntonioVieiraL2,luarahayalla
AntonioVieiraL2,manu2209
AntonioVieiraL2,flavyamore
AntonioVieiraL2,daniezinhabraga
anupamjamatia,GOONERS_GIRL
asifithikkal,araheemi92
asifithikkal,Aarifah2015
awang1996,NULL
badvanilla,NULL
balaji,NinaKilbride
balaji,eric_pittman
balaji,brettalong
balaji,SujenkumarJ
balaji,PramaArts
balaji,Monayam420
balaji,VijayVi89551801
basavaraj,GrowthHackingWP
Being_shrave,sudhakanchi
bhairam5067,NULL
bharathiraja,rraja6952
bharathiraja,JayavelpJayavel
bharathiraja,Scorpion29_10
brit_walls,ashleysroberts1
candice427,NULL
carlosdmorillo,jucamori
carlosdmorillo,Maeurincon
carlosdmorillo,CJRFX
carlosdmorillo,JCMR3
cdvsnp,AlejandroDeLa1
cdvsnp,ddelavega89
cdvsnp,Leymar2010
cgcartel,NULL
chandramohanan,NULL
cheesemarmalade,NULL
copsucker,NULL
cruzwithme,NULL
CTAMILKUMARAN,publiporno17
CTAMILKUMARAN,Manikan86392982
CTAMILKUMARAN,Sk18194
CTAMILKUMARAN,KKarmegam456
CTAMILKUMARAN,Sriniva33387111
CTAMILKUMARAN,swathianto
cwhitney24,NULL
Cyolism,BLiesen
da72fca1e1f649c,NULL
daubachsgirl23,NULL
Dauntlesshybrid,NULL
derond1,monikaparran1
derond1,IDrake1
derond1,MakeilaMcCants
derond1,iad1996
derond1,MikeyBluNatural
derrikbosse,NULL
dev226523,NULL
dhanvarsh,Aravind20037
dhanvarsh,sanki9898
dhanvarsh,pintufurniture
dhanvarsh,MandeepCs
dhanvarsh,sunilalps
dharinijeeva,NULL
diegohrnal,Kevswarrior
dilu,nb_swaraj
dilu,Rambabu81581467
dineesh,NULL
djnobody321,NULL
DungoAngelo,TessDungo
EBdT2,NULL
Electroedge,NULL
el_charlie,NULL
EnisM4,KozMaco
fenyt,NULL
fleekmelife,NULL
footeprint,NULL
fullerspectrum,NULL
Furzana,NULL
gaurav220,NULL
gking018,N1outdoors
gking018,GiveawayHubCO
gking018,chriskp916
gking018,The_GroundZero
gunadhoni,NULL
harivarath,VijiRamesh2
hemavathi,rockersraj
HighCreatureCR,NULL
HiLT,hobag74
HiLT,matthewharrison
HiLT,haleybrooke90
HiLT,minnethgarcia
HiLT,malamaikaaina
iam_spr,Anandrckas
imhusain98,NULL
Im_A_Hot_Nerd,NULL
inyrarms89,sbenson1963
inyrarms89,gescottmusic
inyrarms89,ZwartEddy
inyrarms89,sbparishnurse
inyrarms89,emmysuescott
inyrarms89,LimeGreenVoid
irrael,NULL
itsmecrazyhead,NULL
JamesHelman987,NULL
jennyliann,jewelgilbert_
jkobabo,JJANGNAH
JohnEast1,KaitlynnWrites
josephkurianm,kjkurianm
josephkurianm,sairasusan
juan11,juan_sieven
justin0403j,molly6491
justin0403j,steve0040
KATHEREN,NULL
kavi7927,NULL
kittylifevlogs,NULL
kmanojkumar8,manojr1298
KMKARTHICK,SanuAnmol
ktnblu,NULL
Lasrion,NULL
LazyyFrog,NULL
lfridlander,NULL
Liladhar,NULL
lisaha75,greencar88
lisaha75,Mtn_eersfan79
lisaha75,WVLittlebetsy
lisaha75,internetscouch
Lizasemm,nikkisemm
logavino,LynnePolinar
loguvino,Kk123Ms
lovegotbangtan,NULL
luolive007yahoo,NiangSadaniang
luolive007yahoo,AlexandraSocial
luolive007yahoo,VannaImelda
Madhonna,NULL
majax16,NULL
malli,themamamaven
malli,DistantDystopia
malli,pippinfurrball
malli,Telugu60174282
malli,Mallikh00576556
malli,nakleh
malli,mallichitturu
manasa,srinu_murali
manasa,Shivarajarasu7
manasa,satish28453748
manasa,Surajg49328544
manasa,yuvaraj39077501
manasa,ShirishaZazspot
manasa,gangara04797583
manasa,manjunaths091
manasa,ojha_hritik
manasa,aravi334
manasa,premnath7999
manasa,Tm12Mal
manasa,am35271233
manasa,VeeraswamyV
manasa,ShekarMamindla
manasa,sripalreddykot1
manasa,rangachemworld
manivannangs,NULL
mario0318,ratnakaroversea
mario0318,wallytorres7
MattLem_,LemonElaine
MattLem_,itsonlyme_Jess
maybeyourneed,NULL
mayur,NULL
medianet_online,NULL
misba,NULL
mmitha,NULL
moretolife__,Gabriel43434999
mrtell13,prste2
msvickitori,jas_0410
msvickitori,BerryBoi_Ken
murali,thakur_rajkamal
murali,aapsask
murali,dhesi_gurvinder
murali,Ubhicanada
murali,PMMAGESH
murali,JaganKanal
murali,neelu914
murali,ilichreyes
murali,praymurali
mutantdays,NULL
mytamilpeople,NULL
Myusername1,NULL
naga,pretty_biiihh
naga,alaa224091
naga,DanceMisaki
naga,ImatNatalia
naga,igomodelcom
naga,Sugeryprincezz
naga,Nurlaelaindria2
naga,BrendhahReys
naga,naga04079904
naga,PrincekingSammy
naga,nagaalex1
naga,Cristin_larasat
naga,thyca_junthaex
naga,arpak_santoso
naga,Thebasher77
naga,Dewy_Whyy
naga,ucchususan
naga,SWAadyadz
naga,RizkiRa31343400
naga,tarie_ya
naga,NurilNaga
nagarajan,7thlightstudio
nagarajan,TorstenVolk
nagarajan,xantek_bus
nagarajan,mikenewkirk
nagarajan,Brand_Genes
nagarajan,SpireworksCo
nagarajan,odutola
nagarajan,GMBranding
nagarajan,parsnips_blog
nagarajan,rmf_cpas
nagarajan,edsterjackson
nagarajan,Janice_Clark
nagarajan,ManojEllappan
nagarajan,livelysales
nagarajan,RoblemVR
nagarajan,AvanadeInc
nagarajan,DonnalMoritz
nagarajan,dacadoo
nagarajan,AdrianBourcevet
nagarajan,RaminNasibov
nagarajan,TaxRussell
nagarajan,rbordoli
NalinW3,NULL
nanfield16,kuddlykirara
nani06072017,Sarfara07
nethra,kulal40
nethra,FDailymirror1
nethra,Followerukkala9
nevervoid,NULL
nikith_yadav,380ndabuildn
noirearrow,NULL
nrprajeesh,NULL
ocumarereal,edeymar17
ocumarereal,cf5dc33eabb848e
ocumarereal,jennydserrano18
omana,janusha05
omana,PEARLY2561
omana,shaheemshas
omana,timbird13
omana,cbnystrom
omprakash,NULL
palanikumar,NULL
paul4prem,Jags2507
PerfectVignesh8,NULL
plorable,NULL
popculturespot,NULL
prakritiaryan,NULL
praveen,thineah3
praveen,DhaushK
praveen,praveen39063246
praveen,viratmohan5697
praveen,MTirthyatra
praveen,Gopi05204
praveen,Praveen27715860
presanth,NULL
prikutty,pkramakrishnan
prikutty,dev_pr
prikutty,AliGFutra
priyamblue6,NULL
quackyscience,NULL
RAJA31193,NKossovan
RAJA31193,ksaravksarav
RAJA31193,sarsan1998
RAJA31193,chaudhury6
RAJEESH,NULL
RanjnaJothi,NULL
RAVIKUMAR,arjunre1910
RAVIKUMAR,BoSuDu002
RAVIKUMAR,DarineVittel
RAVIKUMAR,excellentvalue
RAVIKUMAR,nathz143
RAVIKUMAR,lanidiniz
RAVIKUMAR,venkatraopb0
RAVIKUMAR,UTTAMKU35105508
RAVIKUMAR,JVELI86
RAVIKUMAR,ShahzadeShukla
RAVIKUMAR,sankarsubbu087
RAVIKUMAR,Singh9279
RAVIKUMAR,KartikeyPinto
RAVIKUMAR,sivachok1
RAVIKUMAR,ravikum82081912
RAVIKUMAR,adhargroup
RAVIKUMAR,ravikum20963626
reena,G9888060909
reena,BhaiBhana
reena,muteme4
reena,manjunatharocky
reena,BhimraoBansode
reena,NarenderBhati9
reena,SkinHelpDesk
reena,Jck6312
reena,kristinalundqui
reena,Denis_Tarasov
rehan09,NULL
renu,Jitendr59551099
renu,momojirinews
renu,rajeshkashyapi3
renu,hitesht42829349
renu,797d32d2692645d
renu,yorksciencepark
renu,franlonsdale
renu,sivaranjan2
rishabh_ags,NULL
rjwiley,NULL
robrehes,NULL
roxxie_roxxie,NULL
RY5214584,NULL
sahibzada077,NULL
Sajayan18,NULL
salini,NULL
Sandynibbles,sritech15
Sandynibbles,MrRama2014
Sandynibbles,_RamCn
SaraNel55891139,NULL
SARATH,NULL
SeanCMNJ,NULL
sekhar,chinna_hi
sekhar,hmanivanan
sekhar,ravindra1988r
sekhar,Ravinde61511516
sekhar,khadersd786
sekhar,Wandazwandaz
sekhar,Roshnrodrigz
sekhar,Traveldom06
sekhar,endeavorinfosof
sekhar,DaBushar
sekhar,sivapeddiboina
sekhar,_Mauna_
sekhar,E_Saravanapavan
Shankarnewton,ikarthiksp
shanmugavadivel,NULL
SHARAFALI,NULL
shijudas,NULL
ShilpaNagin,NULL
shivgyan,NULL
shownu_ismyhero,NULL
SinghVishalRana,Rishabh32673125
SinghVishalRana,ujjwalshukla
SinghVishalRana,kis_han1432
SinghVishalRana,capt2101akash
SinghVishalRana,Being_Shrave
SinghVishalRana,chrizandr
SinghVishalRana,BHARATH_MADAS
SirRoxas,NULL
siva1890,ramvishal44
skopein6,NULL
SNAREN,llanoukjovita4
SNAREN,bhavi92
SNAREN,winram74
SNAREN,VineetPahwa
SNAREN,MANISHAFDES
SNAREN,hegde_gs
SNAREN,AbhishekG2009
SNAREN,ta1972
SNAREN,16_indra
SNAREN,srikantbalan
SNAREN,rajraman
SNAREN,nbsubramanian
SNAREN,DeepaliRawat
SNAREN,yateesh
sohamM97,NULL
SOWMIYA,NULL
spandey896,RamBhatta
sparoc3,NULL
spidermanda,NULL
spiritualsirene,NULL
SrinivasPykl,NULL
steezkelly,JustinSaneRSM
steezkelly,NenaDurant
studmax,shwood
studmax,olivialopez543
studmax,JoshOchs
studmax,Fox13Politics
studmax,KateRDickinson
sushilarya0107,nikhila66551936
tanuarja253,AdityaDnv
taraduveanu,NULL
tayyabnazir,NULL
techbizgurl,NULL
THALARUBESH,NULL
Theeiffel64,NULL
themadbastage,jessirice81
themadbastage,FlareCyan
themadbastage,Whipster0769
the_fly_fisher,NULL
thodupuzha023,NULL
tintu,philosofiedradz
tintu,jishnucc
tintu,KrissiCalling
tintu,Donneker
tintu,nerdlog
tintu,Ostkritiker
tintu,berlintweets
tintu,radio1984
tintu,mallde
tintu,kaback
tintu,TwitPic
Tirtha,NULL
tkomarniski,miss_ox
tobuvino,NULL
Torri_sunshine,NULL
Trickster_Mode,NULL
TTymeLadyCoutur,TCFStyleExpo
USERNAMEISRAJ,NULL
vaanamkarthik,NULL
valeriecarvajal,jessicac0077
VENKAT,ponarunkumar
VENKAT,Venkat64vkgami1
VENKAT,itsmenareshk
VENKAT,yadav_hariram
VENKAT,sarayu508
VENKAT,santho64203638
VENKAT,ygiet
VENKAT,beingtomm
VENKAT,Ravicha80987348
VENKAT,voldyman
VENKAT,7bcb3acdc70b4bf
VENKAT,KiranRajan5
VENKAT,Sathyan34060590
VENKAT,Sunny65951895
VENKAT,SKallichanda
VENKAT,AaliyaShrivast1
VENKAT,girishdharod
VENKAT,shilpanaidu234
VENKAT,satish_mcet2k
VENKAT,cmssundaram
villuvinoth,NULL
vinitha,sriraam19751
vinitha,AdmrKurtt
vinitha,a_sujeepan
vinitha,DigitalTattwa
vinitha,jamesw_555
vinitha,BethDoane
vinitha,ana_gotter
vinitha,shopwills
vinitha,johnelincoln
vinitha,freekidbooks
vinitha,fabulousmomlife
vinitha,birdwriter7
vinitha,ashmanu
vinitha,MyLittleMoppet
vinitha,Mahendrabhaubha
vinitha,kalahmclaughlin
vinitha,mylittlemuffin1
vinitha,somusuba2
vinitha,Sarathy_3008
vinitha,Manojku93363781
vinitha,MadhuVj3
vinitha,pravin01430
vinitha,Careguru1
vinoth89,shivsanrose
vinoth89,ranjusubash
vinoth89,preethi2015
vinoth89,mohanhbb6843
vinoth89,SIVACIVIL236
vinoth89,ramkiikmar
vinoth89,rajeshrulesmts
vinoth89,Gaurav23392698
vinoth89,GiridharDunga
vinoth89,aarthy1012
vinoth89,TEJA127
vinoth89,BALAGCE
vinoth89,dheleephan
vinoth89,SusmithaVagolu
vinoth89,vanthanaps
vinoth89,erkgshankar
vinoth89,haridhina
vinoth89,gopi_fine
vinoth89,devendrapin2
vinoth89,ShobiKrish
vinoth89,Shreesharu
vinoth89,shivsinha2004
vinuvpnair,NULL
VitalityAF,nfm_mike
vivek89,RohithDivakaran
vivek89,OctoberKiki
vivek89,roamer_1989
vivek89,beyondwords_om
vivek89,rajendrakumarRK
vivek89,cooldudekanna
vivek89,megha0011
vivek89,adi1084
vivek89,writetoanirudh
xaamraat,suj_dahal
xDaniRae,NULL
Zom_brenna,hunterzzz
_JakeRoy_,NULL
karthick,NULL
robozear,NULL
9eleven85,NULL
@90amit90ghosh90,NULL
@93JD9612,NULL
@AcadieCyclist,NULL
@Aceandstuff,NULL
@adexanthony ,luckiegirll
@adexanthony ,CsharpCorner
@adexanthony ,Windows
@adexanthony ,Microsoft
@adexanthony ,GooglePlay
@adexanthony ,Android
@adexanthony ,Google
@adexanthony ,Twitter
@adexanthony ,facebook
@adexanthony ,martelclem
@adexanthony ,bduterque1
@adexanthony ,Damien_Bancal
@adexanthony ,PR_Paul_Biya
@adexanthony ,Camtelonline
@adexanthony ,Orange_Cameroun
@adexanthony ,MTNCameroon
@adexanthony ,TV5MONDE
@adexanthony ,LePointAfrique
@adexanthony ,RFIAfrique
@adexanthony ,realDonaldTrump
@adexanthony ,LeMonde_Afrique
@adexanthony ,phonandroid
@adexanthony ,bbcafrique
@adexanthony ,SonyFrance
@adexanthony ,twandroid
@adexanthony ,SonyXperiaFR
@adexanthony ,ESET_France
@adexanthony ,jeune_afrique
@adexanthony ,lemondefr
@adexanthony ,France24_fr
@adexanthony ,RFI
@AjiTh,NadeeraRanabahu
@AjiTh,sameerajayasoma
@AjiTh,POTUS
@AjiTh,POTUS44
@AjiTh,awscloud
@AjiTh,AWSIdentity
@AjiTh,JavaScriptDaily
@AjiTh,Docker
@AjiTh,bryantcutler
@AjiTh,AndrewToner
@ajithbabuts,NPethuraj
@ajithbabuts,hiphoptamizha
@ajithbabuts,arya_offl
@ajithbabuts,Trendsmap
@ajithbabuts,imMathan18
@ajithbabuts,actor_jayamravi
@ajithbabuts,iamlakshmirai
@ajithbabuts,ihansika
@ajithbabuts,chetan_bhagat
@ajithbabuts,makapa_anand
@ajithbabuts,2D_ENTPVTLTD
@ajithbabuts,vijaytelevision
@ajithbabuts,dirlingusamy
@ajithbabuts,CinemaVikatan
@ajithbabuts,itisprashanth
@ajithbabuts,arunvijayno1
@ajithbabuts,PMOIndia
@ajithbabuts,lionsdenkxip
@ajithbabuts,ChennaiyinFC
@ajithbabuts,SPN_Wrestling
@ajithbabuts,ash_r_dhanush
@ajithbabuts,StarSportsIndia
@ajithbabuts,Shriya_S
@ajithbabuts,directormbalaji
@ajmaltpm,NULL
@Alex378,NULL
@Alexis_Paolucci,NULL
@allofthelocks,NULL
@alphiale,aggiembk
@alphiale,CoachSumlin
@alphiale,TAMUPolice
@alstew2000,NULL
@Amal_M_Siby,NULL
@amitrahul,NULL
@anevoso11,NULL
@angel55259263,NULL
@Angelinaqueen22,NOTamitbhargav
@Angelinaqueen22,MemesChennai
@Angelinaqueen22,Tamilrockers123
@Angelinaqueen22,Memes_Tamil
@Angelinaqueen22,MeanAnimals
@anjali1990_in,ShamnadSha1
@arun_junai6575,THANGAM5758
@Az1an_g33k,NULL
@BalaJi,NULL
@barribronston,NULL
@beehemms,NULL
@Bharath_R_Shet,NULL
@bhicks2220,Dekirkland06
@bhicks2220,HKFStarnes
@bisuguha,fahimtm
@Blarsennn,NULL
@Bnuldun,NULL
@bookitwithubam,NULL
@Bradley502sc,BarbaraAnnC77
@Bradley502sc,CrawfordsCreate
@Bradley502sc,ArduinoHandbook
@brandycat1969,NULL
@buffygetz,BridgetLinhart
@buffygetz,BrettGetzen
@bugsaregross,NULL
@buszej,nyannyancat
@CANDICE427,NULL
@chatwcaitlin,NULL
@chevy_chick95,NULL
@ChhunHornH,NULL
@chozhan_siva,NULL
@chromebluesky,EndlyssDesigns
@chromebluesky,ferrousxy
@courtneyykay,Skyboo16
@cpslo,mlieber
@cpslo,AGoldmund
@cpslo,dumbthic
@cpslo,AnnaKendrick47
@cpslo,SteveCarell
@cpslo,netflix_instant
@cyril235100,NULL
@Dacore270,NULL
@dalvinius,NULL
@dearashok7,NULL
@debourg66,NULL
@dhanya,NULL
@dirty9001,NULL
@dpkkmr412,freebitco
@dpkkmr412,EasyLaxmi
@DrDiamondfire,NULL
@dwreck504,NULL
@elfarissi400,NULL
@ErikaFouche,NULL
@ForzaVecchia,kathezwaans
@ForzaVecchia,mikeligna89
@ForzaVecchia,ClaudiaMoreauM
@ForzaVecchia,Ricardomoino
@ForzaVecchia,Jorgeg99
@ForzaVecchia,HiperChip
@ForzaVecchia,HistoricalPics
@ForzaVecchia,emrata
@ForzaVecchia,fconventi
@ForzaVecchia,SanJuventina
@ForzaVecchia,Jpiiii
@ForzaVecchia,futbolelineas
@ForzaVecchia,ClauuuAndrea
@ForzaVecchia,IsaacLuna
@ForzaVecchia,Irii_21
@ForzaVecchia,AlexanderEsp21
@ForzaVecchia,JoffreFloresB
@ForzaVecchia,niallftdream
@ForzaVecchia,wengeroccio
@ForzaVecchia,Adz77
@ForzaVecchia,Rajdeepdh
@ForzaVecchia,juve1897_news
@ForzaVecchia,harry59412337
@ForzaVecchia,Rinka55205610
@ForzaVecchia,channy15842539
@ForzaVecchia,gur_sagoo
@ForzaVecchia,AngadDholipal
@ForzaVecchia,WalterPrince102
@fr3akr_Nid,NULL
@ganesh93kgk,NULL
@GnanamMV,murugesanguru
@GnanamMV,MGMurugesh0
@GnanamMV,nirmaldurai1
@gurubalan,balaatDell
@gurubalan,u1_i
@gurubalan,shobimed
@gurubalan,shobilicious
@gurubalan,shobster
@gurubalan,kesavansfriend
@h2o_ym,paulosantos1989
@hullotherejulia,NULL
@iamsanthoshtm,SandyKissan
@iamsanthoshtm,iamsrk
@iamsanthoshtm,prakashraaj
@iamsanthoshtm,Actor_Krishna
@iamsanthoshtm,Music_Santhosh
@iamsanthoshtm,Vetrive41808900
@iamsanthoshtm,tamiltalkies
@iamsanthoshtm,jviglobal
@iamsanthoshtm,nordcurrent
@iamsanthoshtm,shankarromeo
@iamsanthoshtm,karthiksubbaraj
@iamsanthoshtm,DJBravo47
@icoachp,NULL
@idealinfacts,NULL
@india_kcs,NULL
@istehsanalam,NULL
@jagadish64444,NULL
@JamesHelman987,NULL
@jenniferlturner,BradVig86
@jenniferlturner,TimVig
@jenniferlturner,Nate_Turn
@JoeOsagu,NULL
@jorjli,NULL
@juan23,toritati_cbot
@juan23,britishmuseum
@juan23,NHM_London
@juan23,I__Love__Italy
@juan23,lofficielparis
@juan23,bbcchinese
@juan23,NutritionWndlnd
@juan23,NASAGoddard
@juan23,Fabric_of_Space
@juan23,Seeker
@juan23,googleearth
@juan23,Earthlmages
@juan23,nasahqphoto
@juan23,NASA
@juan23,BLMedieval
@juan23,ahencyclopedia
@J__moneeyy,NULL
@karthicklk,duttsanjay
@karthicklk,priyankachopra
@karthicklk,iamsrk
@karthicklk,gvprakash
@karthicklk,iam_str
@karthicklk,anavenkat
@karthicklk,selvaraghavan
@karthicklk,actorshiva
@karthicklk,raji146
@krystajq,NULL
@kumar2ww,NULL
@lebarr317,NULL
@Legendjb,NULL
@lilbitspieces,NULL
@Lindrohs,NULL
@livefreesocial,NULL
@LuciferBlackASU,EricBosley4
@LuciferBlackASU,TheSunDevils
@luttrellers,NULL
@Maga_libtears,NULL
@maimorinel,NULL
@marutibilgoji,NULL
@mbesnier,PodwatsTrinity
@mdichn,NULL
@Meenakshi,NULL
@michaeldean0116,NULL
@mmitha,NULL
@Montaberne,NULL
@mukesh815,NULL
@muthuannamalai1,NULL
@nageshwaran,NULL
@nicki1122,5soshoodzilla
@nidiamazing,stormninja4
@nininaut,NULL
@Nyambura_Kiboi,NULL
@ohmyghoshroy,NULL
@pettycanoodler,_SonOfADeitch
@pettycanoodler,MtAiryPhil
@pettycanoodler,MikeAngelina
@pettycanoodler,_JohnGonz
@pettycanoodler,BILLadelphia1
@pettycanoodler,KellyannePolls
@pettycanoodler,Sean_Brace
@pettycanoodler,quicknquirky
@pettycanoodler,SheriffClarke
@pettycanoodler,MSullivanFrench
@PgsubhaG,NULL
@Pkreddy7,Mohanre55099286
@poopandi,Nimbuzz
@poopandi,shahidkapoor
@poopandi,juniorbachchan
@poopandi,iHrithik
@poopandi,FarOutAkhtar
@poopandi,akshaykumar
@poopandi,priyankachopra
@poopandi,aamir_khan
@poopandi,virendersehwag
@postmonfren,jzcamp
@postmonfren,PlayHearthstone
@prabhu6764,NULL
@PremKumar,itszsanth
@PremKumar,pvprakash
@PremKumar,karthikshanmuga
@PremKumar,visitmalla
@PremKumar,vinodh88
@PremKumar,hasbath
@PremKumar,PMselvakumar
@PremKumar,ecepriyajit
@PremKumar,mwarscher
@PremKumar,vamjahardik123
@prudhvi_nikku,NULL
@rajraj,Mental_Canvas
@rajraj,NMNH
@rambala,muralibala
@rambala,luharr
@rambala,brchinni
@ravikushal,NULL
@ritste20,KrisKritter
@ritste20,chris_ritter
@rohitku86844283,NULL
@roseyhe24081985,NULL
@rubendsvilela,LostArchie
@rymiicon,NULL
@sabari0600,British_Airways
@sabari0600,muthuannamalai1
@salini,NULL
@sarthik99,NULL
@SelfieSpec,NULL
@sforshiva,NULL
@siva,NULL
@skopein6,iTunesMusicTop
@skopein6,pushcum
@skopein6,Regrowz
@skopein6,kids_baby_tv
@skopein6,RuempelDienst
@skopein6,SiegeVonholy
@skopein6,PicoGlobal
@skopein6,_nicoledemarco
@skopein6,ThakurSaura
@skopein6,Thebillgatisman
@skopein6,smashwrestling
@skopein6,homeremedies_9
@skopein6,OnePunchWoman_
@skopein6,dak0tabites
@skopein6,BasitOmeiza
@skopein6,saurabh666
@skopein6,Gauravjie
@skopein6,StuartJehan
@skopein6,Katula_Home_
@skopein6,ARSBusinesscon
@skopein6,rdplastindia
@skopein6,ucaliberEdu
@skopein6,GrewBoxOfficial
@skopein6,dwarka_prop
@skopein6,spenzacnc
@skopein6,innversetech
@skott1982,NULL
@star_gazer72,NULL
@steezkelly,NenaDurant
@sunilkapur,NULL
@sushil_suz,NULL
@TheHotCakesD_C,hfisowichh
@TheHotCakesD_C,HannahDasher
@THtweety,NULL
@trump_life,NULL
@tyra_duchess,NULL
@Vickibetking,WilliamsRuto
@Vickibetking,BetinKenyaHelp
@Vickibetking,_nachomonreal
@Vickibetking,6_LKOSCIELNY
@Vickibetking,HectorBellerin
@Vickibetking,honest_reviewz
@Vickibetking,Safaricom_Care
@Vickibetking,_OlivierGiroud_
@Vickibetking,KingsOfTipping
@Vickibetking,Arsenal
@Vickibetking,AskPayPal
@Vickibetking,NETELLER
@Vickibetking,UltiTipster
@Vickibetking,YousefErakat
@Vickibetking,RiceGum
@Vickibetking,dmwirariaa
@Vickibetking,LandofInplay
@Vickibetking,BigBoomTipsters
@Vickibetking,Day2DayBetting
@Vickibetking,RobinHoodTips_
@Vickibetking,FCTOfficial
@Vickibetking,freetipsfooty
@vickysethu,NULL
@vinothkrishnan,BiggBoss
@vinothkrishnan,ARMurugadoss
@vinothkrishnan,ash_r_dhanush
@vinothkrishnan,superstarrajini
@vinothkrishnan,vaishalithaniga
@vinothkrishnan,yera_jaramillo
@vinothkrishnan,m_praki
@vinothkrishnan,dougulman
@vinothkrishnan,iBitterScotch
@wearekipre,NULL
@YuliaRyabenko,NULL
@_iamZer0_,Funnyhair_Joel
@_klauzs_,NULL
@_rgomez_,NULL
abhaynarayan09,NULL
agiridhar107,NULL
AJITH4KYLM,NULL
ajosephstalin,NULL
Alex378,NULL
amitava_santu,chiranjibm
amitava_santu,alvinchantw
ammuambika130,SasaSivcev
ammuambika130,advamit03
ammuambika130,BhayanaYogita
ammuambika130,oicw_fame
ammuambika130,Vwalkshoe
ammuambika130,pushcum
ammuambika130,FreebieBin
ammuambika130,mjaglan
ammuambika130,meriteshkashyap
ammuambika130,ItalVeloce
ammuambika130,AlexisLargeaud
ammuambika130,SupportTasks
ammuambika130,artisnIN
ammuambika130,christphsch
ammuambika130,ZakeyYt
ammuambika130,Treinohardcom
ammuambika130,SaanviEnvie
ammuambika130,UnreveaISecrets
ammuambika130,Thomas_A_Moore
ammuambika130,Locale_India
ammuambika130,royjack838
Anandmagi,iamraghusongari
Anandmagi,paeimala
Anandmagi,grkreddy46
Anandmagi,naringopu
Anandmagi,PriyaAnand
Anandmagi,shreyaghoshal
Anandmagi,YUVSTRONG12
Anandmagi,msdhoni
Anandmagi,thesushmitasen
Anandmagi,RNTata2000
Anandmagi,iamsrk
Anandmagi,deepikapadukone
Anandmagi,MadhuriDixit
Anandmagi,SrBachchan
Anandmagi,urstrulyMahesh
Anandmagi,geneliad
Anandwonder0,OfficialFR
Anandwonder0,mixside
Anandwonder0,JSqruipt
Anandwonder0,The90sNation
Anandwonder0,PositiveStocks
Anandwonder0,emazinhappens
Anandwonder0,zammit_marc
Anandwonder0,NowandAlwaysC
Anandwonder0,tonymilani
Anandwonder0,review2012
Anandwonder0,breitlingenergy
Anandwonder0,BOOKING_AGENTS
Anandwonder0,eddysulton
Anandwonder0,zenfreeman
Anandwonder0,wibsdigital
Anandwonder0,GreatRockLyrics
Anandwonder0,DeitrichDavis
Anandwonder0,eduardomor4es
Anandwonder0,austinnotary
andresv2208,ana_danielita
andresv2208,leanismestre
andresv2208,Anavfinolg
andresv2208,LeidysVelazco
andresv2208,FCBarcelona_es
andresv2208,aguilasdelzulia
andresv2208,Jorgitoceledon
andresv2208,SiNoLoSabias
andresv2208,SilvestreFDC
andresv2208,CristoEnTi
andresv2208,ErikaDLV
animes03,NULL
ANIRUTH,Vengeance_6661
ANIRUTH,mrthaijob
AntonioVieiraL2,JoseIvanDiniz
AntonioVieiraL2,kpatrizia1
AntonioVieiraL2,marloncunha
AntonioVieiraL2,idfreitas
AntonioVieiraL2,maylopes
AntonioVieiraL2,CARDOSO_MICAEL
AntonioVieiraL2,Lucastldias
AntonioVieiraL2,SGuedes7
AntonioVieiraL2,JOCA_TIM
AntonioVieiraL2,81ffnacional
AntonioVieiraL2,rnevestim
AntonioVieiraL2,thallitars
AntonioVieiraL2,rosangelamarca
AntonioVieiraL2,JerrySeinfeld
AntonioVieiraL2,CaixaDesp
AntonioVieiraL2,IuriSSoares
AntonioVieiraL2,Welton_CSOPI
AntonioVieiraL2,Hugopmc
AntonioVieiraL2,tomhanks
AntonioVieiraL2,MlunaTIM
AntonioVieiraL2,Jonathantelerio
AntonioVieiraL2,shirleympessoa
AntonioVieiraL2,telecomhall
AntonioVieiraL2,daniezinhabraga
AntonioVieiraL2,flavyamore
AntonioVieiraL2,JoaoaJAMS
AntonioVieiraL2,AlbertimIguatu
AntonioVieiraL2,prdavinoneves
AntonioVieiraL2,Lucado_br
AntonioVieiraL2,laisposey
AntonioVieiraL2,JColeNC
AntonioVieiraL2,CSOPEDDD_81
AntonioVieiraL2,claudiokutuka
AntonioVieiraL2,mcuban
anupamjamatia,GOONERS_GIRL
asifithikkal,ashrafkallan3
asifithikkal,Ashraf81435231
asifithikkal,Ashrafkallan2
asifithikkal,ashrafkallan194
asifithikkal,Aarifah2015
asifithikkal,rasha_itklhouse
asifithikkal,aicrtns
asifithikkal,jananiraj_10
awang1996,NULL
badvanilla,NULL
balaji,NULL
basavaraj,NULL
bhairam5067,edsheeran
bhairam5067,Persie_Official
bhairam5067,9GAG
bhairam5067,TheWeirdWorld
bharathiraja,Scorpion29_10
brit_walls,NULL
candice427,NULL
carlosdmorillo,jucamori
carlosdmorillo,JCMR3
cdvsnp,NULL
cgcartel,NULL
chandramohanan,NULL
cheesemarmalade,NULL
chozhan_siva,NULL
copsucker,KEY103
cruzwithme,NULL
CTAMILKUMARAN,umrah2017
CTAMILKUMARAN,RoShini_MK
CTAMILKUMARAN,Sijju_Twitzz
CTAMILKUMARAN,AKLalwani
CTAMILKUMARAN,saravananucfc
CTAMILKUMARAN,SexualGif
cwhitney24,NULL
Cyolism,NULL
da72fca1e1f649c,nmastan
daubachsgirl23,NULL
derond1,jmwilson4
derrikbosse,NULL
dev226523,NULL
dhanvarsh,nimmaupendra
dhanvarsh,PREMSAG46783491
dharinijeeva,NULL
diegohrnal,Kevswarrior
diegohrnal,JoselynAispuro
dineesh,NULL
djnobody321,NULL
EBdT2,NULL
Electroedge,NULL
el_charlie,NULL
EnisM4,NULL
fleekmelife,NULL
footeprint,NULL
fullerspectrum,NULL
Furzana,NULL
gaurav220,NULL
gking018,crystalyssaa
gking018,HouseofCards
gking018,BVBstat
gking018,dortmundusa
gking018,Yellowwallpod
gking018,BVBBuzz
gking018,MKulikowski4
gking018,ruby_3170
gking018,Aly_Raisman
gking018,KevinMKruse
gking018,shittyIifetips
gking018,Manefish
gking018,DezignerC
gking018,kakaoutdoor
gking018,TenergyOfficial
gking018,MikayooTech
gking018,livingkit
gking018,LUXUR_BAG
gking018,truartpen
gking018,endlercase
gking018,BonaiPower
gking018,FUNcationNation
gking018,ProHoopsHistory
gking018,FOXSoccer
gking018,stepht819
gking018,schultz_cja
gking018,twimemachine
gking018,Dembouz
gking018,zoereece99
gking018,ATLUTD
gunadhoni,NULL
harivarath,NULL
hemavathi,NULL
HighCreatureCR,NULL
iam_spr,NULL
imhusain98,NULL
Im_A_Hot_Nerd,NULL
inyrarms89,emmysuescott
inyrarms89,LimeGreenVoid
itsmecrazyhead,NULL
JamesHelman987,NULL
jennyliann,AnnetteDeFlavi1
jennyliann,jewelgilbert_
jkobabo,JJANGNAH
JohnEast1,sarahpoirier_
josephkurianm,matthan
josephkurianm,sairasusan
josephkurianm,neemajohn
josephkurianm,kjkurianm
KATHEREN,NULL
kavi7927,bhaiyajeeblb
kittylifevlogs,NULL
kmanojkumar8,NULL
KMKARTHICK,KimKardashian
KMKARTHICK,IChitrangda
KMKARTHICK,aditiraohydari
KMKARTHICK,Actor_Siddharth
KMKARTHICK,ssrajamouli
KMKARTHICK,ThisIsDSP
KMKARTHICK,jan_iyer
KMKARTHICK,varusarath
KMKARTHICK,iamAmyJackson
KMKARTHICK,Amala_ams
KMKARTHICK,SunnyLeone
KMKARTHICK,TheFarahKhan
ktnblu,NULL
Lasrion,NULL
LazyyFrog,NULL
lfridlander,NULL
Liladhar,NULL
Lizasemm,NULL
loguvino,BedrovaFotkina
loguvino,ikoline_SPB
loguvino,poklonu
loguvino,bazzzzzzzuka
loguvino,xyilyapin228
loguvino,_SweetFruits_
loguvino,armouse
loguvino,AlvurRuin
loguvino,FuckDsYes
loguvino,max_Anapa
loguvino,SPKTRR
loguvino,Kk123Ms
loguvino,andy_warholla
loguvino,TVPrivet
loguvino,ysqjipbob
lovegotbangtan,NULL
luolive007yahoo,realDonaldTrump
luolive007yahoo,Onl_Dating
luolive007yahoo,VannaImelda
luolive007yahoo,SteveCarell
luolive007yahoo,kevinjonas
luolive007yahoo,joejonas
luolive007yahoo,Leah_Jenner
luolive007yahoo,pitbull
luolive007yahoo,JLo
luolive007yahoo,selenagomez
luolive007yahoo,BrodyJenner
luolive007yahoo,KendallJennner
luolive007yahoo,ricks_angel
luolive007yahoo,Persistent_Chic
luolive007yahoo,RonaldT21
luolive007yahoo,nytimes
luolive007yahoo,WSJ
luolive007yahoo,Microsoft
luolive007yahoo,Benny_Hinn
luolive007yahoo,JoelOsteen
luolive007yahoo,CardinalDolan
lupethe3,NULL
Madhonna,ajosephstalin
majax16,NULL
manasa,NULL
manivannangs,NULL
mario0318,NULL
MattLem_,NULL
maybeyourneed,NULL
mayur,NULL
medianet_online,NULL
misba,NULL
mmitha,NULL
moretolife__,aaron_sapphire
moretolife__,Gabriel43434999
mrtell13,prste2
msvickitori,jas_0410
msvickitori,samanthaberry17
mutantdays,NULL
mytamilpeople,NULL
naga,twittervision
nagarajan,LannySCohen
nagarajan,xantek_bus
nagarajan,MadMoneyOnCNBC
nagarajan,IndraNooyi
nagarajan,Wimbledon
nagarajan,MariSmith
nagarajan,paulocoelho
nagarajan,AvanadeInc
nagarajan,DonnalMoritz
nagarajan,dhatchdolphy
nagarajan,PressSec
nagarajan,rossdawson
nagarajan,evankimbrell
nagarajan,rbordoli
nagarajan,schinski
nagarajan,MarkVHurd
nagarajan,BluefishDigital
nagarajan,BestSalesTips
NalinW3,NULL
nanfield16,NULL
nethra,NULL
nevervoid,NULL
nikith_yadav,Vwalkshoe
nikith_yadav,aliciagrimes71
nikith_yadav,TripleYourSales
nikith_yadav,funridedashtoys
nikith_yadav,store_reda
nikith_yadav,patricia_ajg
noirearrow,NULL
nrprajeesh,NULL
NULL,NULL
ocumarereal,PEETRIKKA
omana,NULL
omprakash,NULL
palanikumar,NULL
parloinglese,NULL
paul4prem,NULL
PerfectVignesh8,NULL
plorable,chilcott_holly
popculturespot,TMGNZach1
prakritiaryan,NULL
praveen,NULL
prempujariji,NULL
PRESANT,NULL
prikutty,PMOIndia
prikutty,mimsonline
prikutty,DiabetesUK
prikutty,pulsetoday
prikutty,DHgovuk
prikutty,MayorofLondon
prikutty,BBCWorld
prikutty,timesofindia
prikutty,ndtv
prikutty,ShashiTharoor
priyamblue6,NULL
quackyscience,NULL
RAJA31193,OviyaaSweetz
RAJA31193,soniya_agg
ramraju5067,TeamVirat
ramraju5067,zaynmalik
ramraju5067,porinju
ramraju5067,RanveerOfficial
ramraju5067,LiamPayne
ramraju5067,ShraddhaKapoor
ramraju5067,karan009wahi
ramraju5067,Cristiano
ramraju5067,IndianFootball
ramraju5067,Zedd
ramraju5067,RanbirKapoorFC
ramraju5067,yamigautam
ramraju5067,1shankarsharma
ramraju5067,one_by_two
ramraju5067,NameisNani
ramraju5067,Virat_Official
ramraju5067,ameesha_patel
ramraju5067,VKohli_FC
ramraju5067,AjuVarghesee
RanjnaJothi,NULL
RAVIKUMAR,MohanasundaramC
RAVIKUMAR,OhioState
RAVIKUMAR,DivXLLC
rehan09,HamidMirPAK
renu,OneLouderApps
renu,RenuPaints
renu,VisitYork
renu,geoffkeighley
renu,Bungie
renu,AlexKalogiannis
renu,majornelson
renu,CityofYork
renu,Matt_on_tech
renu,Naughty_Dog
renu,HIDEO_KOJIMA_EN
renu,GearsViking
rishabh_ags,NULL
roxxie_roxxie,NULL
RY5214584,NULL
sahibzada077,NULL
salini,NULL
Sandynibbles,_RamCn
Sandynibbles,saranzzworld
Sandynibbles,Vinu_Iyer
Sandynibbles,priyankachopra
SaraNel55891139,NULL
SARATH,NULL
SeanCMNJ,NULL
sekhar,Hoysalasriharsh
sekhar,sconnectjobs
sekhar,pradeepsuresh11
sekhar,narendra_1982
sekhar,aghi_rahayu
sekhar,srama79
sekhar,Divyavelechati
sekhar,saranyapopin
sekhar,edays26
sekhar,radhikachowdary
sekhar,NareshGururaj
sekhar,harrietchebet
sekhar,ajaxmehta
sekhar,veenas02
sekhar,xavseinoz
sekhar,RajaramV
sekhar,indianman
sekhar,prithweesh
sekhar,Veenaramesh
sekhar,dkrishna10
shanmugavadivel,WiFiAlliance
shanmugavadivel,SystemsEng
shanmugavadivel,wifikiwi
shanmugavadivel,WLANBook
shanmugavadivel,JussiKiviniemi
shanmugavadivel,GTHill
shijudas,NULL
ShilpaNagin,NULL
shivgyan,NULL
SinghVishalRana,NULL
sirireddy1711,jenwinget
sirireddy1711,Submergemusic
sirireddy1711,DuttYogi
sirireddy1711,DalrympleWill
SirRoxas,NULL
siva1890,NULL
skopein6,techguinea
skopein6,iqbalnuels
skopein6,eviloopstw
skopein6,Shobhit1209
skopein6,WBPolice
skopein6,RailAnalysis
skopein6,funridedashtoys
skopein6,SnkrDropsWW
skopein6,xtheRG21x
skopein6,Epic_Research
skopein6,rubel01318203
skopein6,WanderTruant
skopein6,gillgugni
skopein6,ecoinclubsltd
skopein6,pushcum
skopein6,Regrowz
skopein6,kids_baby_tv
skopein6,RuempelDienst
skopein6,SiegeVonholy
skopein6,PicoGlobal
skopein6,ChiamarsiFogna
skopein6,KryanIgor
skopein6,iiampsr
skopein6,myhealthmachine
skopein6,homeremedies_9
SNAREN,FinMinIndia
SNAREN,HuffPostIndia
SNAREN,ShekharGupta
SNAREN,RashtrapatiBhvn
SNAREN,smartestshiv
SNAREN,RailMinIndia
SNAREN,sureshpprabhu
SNAREN,TataCompanies
SNAREN,NandanNilekani
SNAREN,gandeevanr
SNAREN,ICICIBank
SNAREN,the_hindu
SNAREN,nytimes
SNAREN,dpradhanbjp
SNAREN,drharshvardhan
SNAREN,nsitharaman
SNAREN,PandaJay
SNAREN,syncoregroup
SNAREN,NITIAayog
SNAREN,PIB_India
SNAREN,RNTata2000
SNAREN,SushmaSwaraj
SNAREN,AmitShah
SNAREN,rsprasad
SNAREN,arunjaitley
SNAREN,PMOIndia
SNAREN,narendramodi
SNAREN,CricketNDTV
SNAREN,ndtv
spandey896,iPoonampandey
sparoc3,NULL
spidermanda,NULL
spiritualsirene,NULL
sriks6,deepikapadukone
sriks6,thesushmitasen
sriks6,ysjagan
SrinivasPykl,NULL
steezkelly,NenaDurant
studmax,coreybrooks34
studmax,AntoAngelino
studmax,chriscoyier
studmax,customloops
studmax,shwood
studmax,FaZe_Censor
sushilarya0107,NULL
tanuarja253,srikanthdevired
tanuarja253,kavithaarja
tanuarja253,divyakollipara
tanuarja253,sarathdnv
taraduveanu,NULL
tayyabnazir,NULL
techbizgurl,NULL
THALARUBESH,thizisvj
THALARUBESH,NPethuraj
THALARUBESH,ThalaAravint
Theeiffel64,NULL
themadbastage,jessirice81
thodupuzha023,NULL
tintu,timohetzel
tintu,FestFlauschig
tintu,kuebra
tintu,gcntweet
tintu,janboehm
tintu,frank_rieger
tintu,MrClicko
tintu,TheRealSheldonC
tintu,prinzpi23
tintu,_Plan_B_
tintu,JuanRayos
tintu,sonnhalder
tintu,Reimteufel
tintu,noteslate
tintu,raumzeit
tintu,prenzlbergmutti
tintu,hermsfarm
tintu,martinhaase
tintu,monkeydom
tintu,hombertho
tintu,despens
tintu,bre
tintu,rubitrack
tintu,Macnotes
tintu,map
tintu,tweet_im
Tirtha,NULL
tkomarniski,NULL
tobuvino,NULL
Trickster_Mode,NULL
TTymeLadyCoutur,NULL
usernameisarun,vp_offl
usernameisarun,narendramodi
usernameisarun,RJ_Balaji
usernameisarun,iam_SJSuryah
usernameisarun,pandiraj_dir
usernameisarun,directorsiva
usernameisarun,dulQuer
usernameisarun,sri50
usernameisarun,virendersehwag
usernameisarun,harbhajan_singh
usernameisarun,Arunrajakamaraj
usernameisarun,JAnbazhagan
usernameisarun,TheKaranPatel
usernameisarun,vishnu_dir
usernameisarun,dirarivazhagan
usernameisarun,Bollyhungama
usernameisarun,ImRo45
usernameisarun,TFU_Kannan
usernameisarun,karanjohar
usernameisarun,ChennaiyinFC
usernameisarun,divuvj
usernameisarun,santoshsivan
usernameisarun,dancersatz
usernameisarun,abhijitmajumder
usernameisezhil,santoshsivan
usernameisezhil,madhukishwar
usernameisezhil,mkstalin
usernameisezhil,theVcreations
usernameisezhil,DeShobhaa
usernameisezhil,iam_SJSuryah
usernameisezhil,iambohemia
usernameisezhil,Premgiamaren
usernameisezhil,actorsathish
usernameisezhil,officeofssbadal
usernameisezhil,ikamalhaasan
usernameisezhil,k_satyarthi
usernameisezhil,RollingStoneIN
usernameisezhil,thebetterindia
usernameisezhil,BJP4India
usernameisezhil,VasundharaBJP
usernameisezhil,ncbn
usernameisezhil,sardesairajdeep
usernameisezhil,RJ_Balaji
usernameisezhil,LalitKModi
usernameisezhil,directorsiva
usernameisezhil,ChouhanShivraj
usernameisezhil,MamataOfficial
usernameisezhil,shankarshanmugh
usernameisezhil,narendramodi
usernameisezhil,SushmaSwaraj
usernameisezhil,ChennaiIPL
usernameisezhil,OfficeOfRG
usernameisezhil,iamVikramPrabhu
usernameismano,iamAmyJackson
usernameismano,Actor_Vivek
usernameismano,IIFAUtsavam
usernameismano,NazriyaNazim_
usernameismano,santoshsivan
usernameismano,Cricketracker
usernameismano,dulQuer
usernameismano,theVcreations
usernameismano,VavvetiUsha
usernameismano,iTIGERSHROFF
usernameismano,NameisNani
usernameismano,sandhumerry
usernameismano,anirudhofficial
usernameismano,iamlakshmirai
usernameismano,ArtofLiving
usernameismano,Anushka_ASF
usernameismano,RanveerOfficial
usernameismano,CMOfficeUP
usernameismano,GautamGambhir
usernameismano,aliaa08
usernameismano,DHONIism
usernameismano,imDhoni_fc
usernameismano,samajwadiparty
usernameismano,JalapathyG
usernameismano,chintskap
usernameismano,siima
usernameismano,SDhawan25
USERNAMEISRAJ,paulocoelho
USERNAMEISRAJ,creepypuppet
USERNAMEISRAJ,iamsrk
USERNAMEISRAJ,mamtamohan
USERNAMEISRAJ,shahidkapoor
USERNAMEISRAJ,priyamani6
USERNAMEISRAJ,BarackObama
USERNAMEISRAJ,TheFarahKhan
USERNAMEISRAJ,karanjohar
USERNAMEISRAJ,AnushkaSharma
USERNAMEISRAJ,real_beautytips
USERNAMEISRAJ,sachin_rt
USERNAMEISRAJ,BillGates
USERNAMEISRAJ,dulQuer
USERNAMEISRAJ,sreesanth36
USERNAMEISRAJ,juniorbachchan
USERNAMEISRAJ,akshaykumar
USERNAMEISRAJ,FarOutAkhtar
usernameisraja,archanavijaya
usernameisraja,Love_Oindrila
usernameisraja,porinju
usernameisraja,RamKapoor
usernameisraja,Wave_Cinemas
usernameisraja,yadavakhilesh
usernameisraja,BCCI
usernameisraja,TheGujaratLions
usernameisraja,RollingStoneIN
usernameisraja,SGanguly99
usernameisraja,YTCreatorsIndia
usernameisraja,ashwinravi99
usernameisraja,TeamVirat
usernameisraja,virendersehwag
usernameisraja,nirmalchettri03
usernameisraja,iSharryMann
usernameisraja,rajshri
usernameisraja,AaplaZeeTalkies
usernameisveena,NakuulMehta
usernameisveena,RollingStoneIN
usernameisveena,OfficeOfRG
usernameisveena,ikamalhaasan
usernameisveena,yadavakhilesh
usernameisveena,soniya_agg
usernameisveena,SuriyaFansTeam
usernameisveena,VVSLaxman281
usernameisveena,directorsiva
usernameisveena,VigneshShivN
usernameisveena,mangeshkarlata
usernameisveena,IIFA
usernameisveena,shankarshanmugh
usernameisveena,AAPInNews
usernameisveena,StarPlus
usernameisveena,iamAmyJackson
usernameisveena,arrahman
usernameisveena,Heytamilcinema
usernameisveena,KollywudCinema
usernameisveena,itisprashanth
usernameisveena,Vishal_singh786
usernameisveena,sri50
usernameisveena,KicchaSudeep
usernameisveena,RK1610IsMe
usernameisveena,behindwoods
vaanamkarthik,khushsundar
vaanamkarthik,Amala_ams
vaanamkarthik,PCFB
vaanamkarthik,sowmiya94
vaanamkarthik,varthini95
vaanamkarthik,YUVSTRONG12
vaanamkarthik,priyankachopra
VENKAT,LukeCoutinho17
vijay19935,NULL
villuvinoth,mvmvinoth
villuvinoth,vinoth3335
villuvinoth,vinothCMBU
villuvinoth,Spot_Solutions
villuvinoth,theactorvijay
villuvinoth,atfc_fc
villuvinoth,AsinThottumkal
villuvinoth,VijayFansPage
vinitha,BethDoane
vinitha,ana_gotter
vinitha,herbuttrflysoul
vinitha,philipp_photo
vinitha,SewSarahR
vinitha,alysiahelming
vinitha,BLBookReviews
vinitha,PeterBurnsIII
vinitha,meotherwise
vinitha,lindafreeman_
vinitha,Tanvisparekh
vinitha,onlybyland
vinitha,TauriTravel
vinitha,juanbjuan
vinitha,Neha_1211
vinitha,LSBloggers
vinitha,flyingandtravel
vinitha,KwikLearning
vinitha,awakeningaimee
vinitha,Authorianmclean
vinitha,kuleenlashley
vinoth89,dhanushkraja
vinoth89,iam_str
vinoth89,iPoonampandey
vinoth89,realDonaldTrump
vinoth89,anirudhofficial
vinoth89,kausevisu
vinoth89,civil_balu
vinoth89,AvuthuManasa
vinoth89,devendrapin2
vinoth89,v_vennicute
vinoth89,Drmaheshananthy
vinoth89,ShobiKrish
vinoth89,bipsluvurself
vinoth89,dharshika16
vinoth89,SowparnikaM
vinoth89,justlavak
vinoth89,NayabWajih
vinoth89,HEMAMALINI15
vinoth89,subashini14
vinoth89,stefhotshot
vinoth89,d_professional
vinoth89,ghillliarun
vinoth89,TEJA127
vinoth89,ponesakkiraj
vinuvpnair,aravindnc
VitalityAF,shortyyguy
VitalityAF,Rezoww
vivek89,akshaykumar
vivek89,premierleague
vivek89,ESPNcricinfo
vivek89,ET_Wealth
vivek89,TIME
vivek89,billclinton
vivek89,ImLeslieChow
vivek89,PrannoyRoyNDTV
xaamraat,suj_dahal
xaamraat,DahalJwala
xDaniRae,NULL
_JakeRoy_,NULL
